cell,r_center_cm,direction,mu_m,psi_ang_in
0,2.50000000e-03,0,-8.61136312e-01,7.07507617e-01
1,7.50000000e-03,0,-8.61136312e-01,7.11054021e-01
2,1.25000000e-02,0,-8.61136312e-01,7.14618202e-01
3,1.75000000e-02,0,-8.61136312e-01,7.18200248e-01
4,2.25000000e-02,0,-8.61136312e-01,7.21800249e-01
5,2.75000000e-02,0,-8.61136312e-01,7.25418296e-01
6,3.25000000e-02,0,-8.61136312e-01,7.29054478e-01
7,3.75000000e-02,0,-8.61136312e-01,7.32708886e-01
8,4.25000000e-02,0,-8.61136312e-01,7.36381612e-01
9,4.75000000e-02,0,-8.61136312e-01,7.40072748e-01
10,5.25000000e-02,0,-8.61136312e-01,7.43782386e-01
11,5.75000000e-02,0,-8.61136312e-01,7.47510619e-01
12,6.25000000e-02,0,-8.61136312e-01,7.51257539e-01
13,6.75000000e-02,0,-8.61136312e-01,7.55023241e-01
14,7.25000000e-02,0,-8.61136312e-01,7.58807819e-01
15,7.75000000e-02,0,-8.61136312e-01,7.62611367e-01
16,8.25000000e-02,0,-8.61136312e-01,7.66433980e-01
17,8.75000000e-02,0,-8.61136312e-01,7.70275754e-01
18,9.25000000e-02,0,-8.61136312e-01,7.74136786e-01
19,9.75000000e-02,0,-8.61136312e-01,7.78017170e-01
20,1.02500000e-01,0,-8.61136312e-01,7.81917006e-01
21,1.07500000e-01,0,-8.61136312e-01,7.85836389e-01
22,1.12500000e-01,0,-8.61136312e-01,7.89775419e-01
23,1.17500000e-01,0,-8.61136312e-01,7.93734193e-01
24,1.22500000e-01,0,-8.61136312e-01,7.97712810e-01
25,1.27500000e-01,0,-8.61136312e-01,8.01711371e-01
26,1.32500000e-01,0,-8.61136312e-01,8.05729974e-01
27,1.37500000e-01,0,-8.61136312e-01,8.09768721e-01
28,1.42500000e-01,0,-8.61136312e-01,8.13827712e-01
29,1.47500000e-01,0,-8.61136312e-01,8.17907049e-01
30,1.52500000e-01,0,-8.61136312e-01,8.22006834e-01
31,1.57500000e-01,0,-8.61136312e-01,8.26127169e-01
32,1.62500000e-01,0,-8.61136312e-01,8.30268157e-01
33,1.67500000e-01,0,-8.61136312e-01,8.34429902e-01
34,1.72500000e-01,0,-8.61136312e-01,8.38612508e-01
35,1.77500000e-01,0,-8.61136312e-01,8.42816080e-01
36,1.82500000e-01,0,-8.61136312e-01,8.47040722e-01
37,1.87500000e-01,0,-8.61136312e-01,8.51286540e-01
38,1.92500000e-01,0,-8.61136312e-01,8.55553640e-01
39,1.97500000e-01,0,-8.61136312e-01,8.59842130e-01
40,2.02500000e-01,0,-8.61136312e-01,8.64152115e-01
41,2.07500000e-01,0,-8.61136312e-01,8.68483705e-01
42,2.12500000e-01,0,-8.61136312e-01,8.72837007e-01
43,2.17500000e-01,0,-8.61136312e-01,8.77212130e-01
44,2.22500000e-01,0,-8.61136312e-01,8.81609183e-01
45,2.27500000e-01,0,-8.61136312e-01,8.86028276e-01
46,2.32500000e-01,0,-8.61136312e-01,8.90469521e-01
47,2.37500000e-01,0,-8.61136312e-01,8.94933027e-01
48,2.42500000e-01,0,-8.61136312e-01,8.99418907e-01
49,2.47500000e-01,0,-8.61136312e-01,9.03927273e-01
50,2.52500000e-01,0,-8.61136312e-01,9.08458236e-01
51,2.57500000e-01,0,-8.61136312e-01,9.13011912e-01
52,2.62500000e-01,0,-8.61136312e-01,9.17588413e-01
53,2.67500000e-01,0,-8.61136312e-01,9.22187853e-01
54,2.72500000e-01,0,-8.61136312e-01,9.26810349e-01
55,2.77500000e-01,0,-8.61136312e-01,9.31456015e-01
56,2.82500000e-01,0,-8.61136312e-01,9.36124967e-01
57,2.87500000e-01,0,-8.61136312e-01,9.40817323e-01
58,2.92500000e-01,0,-8.61136312e-01,9.45533199e-01
59,2.97500000e-01,0,-8.61136312e-01,9.50272714e-01
60,3.02500000e-01,0,-8.61136312e-01,9.55035986e-01
61,3.07500000e-01,0,-8.61136312e-01,9.59823133e-01
62,3.12500000e-01,0,-8.61136312e-01,9.64634277e-01
63,3.17500000e-01,0,-8.61136312e-01,9.69469536e-01
64,3.22500000e-01,0,-8.61136312e-01,9.74329033e-01
65,3.27500000e-01,0,-8.61136312e-01,9.79212888e-01
66,3.32500000e-01,0,-8.61136312e-01,9.84121223e-01
67,3.37500000e-01,0,-8.61136312e-01,9.89054161e-01
68,3.42500000e-01,0,-8.61136312e-01,9.94011826e-01
69,3.47500000e-01,0,-8.61136312e-01,9.98994342e-01
70,3.52500000e-01,0,-8.61136312e-01,1.00400183e+00
71,3.57500000e-01,0,-8.61136312e-01,1.00903442e+00
72,3.62500000e-01,0,-8.61136312e-01,1.01409224e+00
73,3.67500000e-01,0,-8.61136312e-01,1.01917541e+00
74,3.72500000e-01,0,-8.61136312e-01,1.02428406e+00
75,3.77500000e-01,0,-8.61136312e-01,1.02941831e+00
76,3.82500000e-01,0,-8.61136312e-01,1.03457830e+00
77,3.87500000e-01,0,-8.61136312e-01,1.03976416e+00
78,3.92500000e-01,0,-8.61136312e-01,1.04497601e+00
79,3.97500000e-01,0,-8.61136312e-01,1.05021399e+00
80,4.02500000e-01,0,-8.61136312e-01,1.05547822e+00
81,4.07500000e-01,0,-8.61136312e-01,1.06076883e+00
82,4.12500000e-01,0,-8.61136312e-01,1.06608597e+00
83,4.17500000e-01,0,-8.61136312e-01,1.07142976e+00
84,4.22500000e-01,0,-8.61136312e-01,1.07680034e+00
85,4.27500000e-01,0,-8.61136312e-01,1.08219783e+00
86,4.32500000e-01,0,-8.61136312e-01,1.08762238e+00
87,4.37500000e-01,0,-8.61136312e-01,1.09307412e+00
88,4.42500000e-01,0,-8.61136312e-01,1.09855319e+00
89,4.47500000e-01,0,-8.61136312e-01,1.10405972e+00
90,4.52500000e-01,0,-8.61136312e-01,1.10959386e+00
91,4.57500000e-01,0,-8.61136312e-01,1.11515573e+00
92,4.62500000e-01,0,-8.61136312e-01,1.12074548e+00
93,4.67500000e-01,0,-8.61136312e-01,1.12636326e+00
94,4.72500000e-01,0,-8.61136312e-01,1.13200919e+00
95,4.77500000e-01,0,-8.61136312e-01,1.13768342e+00
96,4.82500000e-01,0,-8.61136312e-01,1.14338609e+00
97,4.87500000e-01,0,-8.61136312e-01,1.14911735e+00
98,4.92500000e-01,0,-8.61136312e-01,1.15487734e+00
99,4.97500000e-01,0,-8.61136312e-01,1.16066620e+00
100,5.02500000e-01,0,-8.61136312e-01,1.16648407e+00
101,5.07500000e-01,0,-8.61136312e-01,1.17233111e+00
102,5.12500000e-01,0,-8.61136312e-01,1.17820746e+00
103,5.17500000e-01,0,-8.61136312e-01,1.18411326e+00
104,5.22500000e-01,0,-8.61136312e-01,1.19004866e+00
105,5.27500000e-01,0,-8.61136312e-01,1.19601382e+00
106,5.32500000e-01,0,-8.61136312e-01,1.20200888e+00
107,5.37500000e-01,0,-8.61136312e-01,1.20803398e+00
108,5.42500000e-01,0,-8.61136312e-01,1.21408929e+00
109,5.47500000e-01,0,-8.61136312e-01,1.22017495e+00
110,5.52500000e-01,0,-8.61136312e-01,1.22629112e+00
111,5.57500000e-01,0,-8.61136312e-01,1.23243794e+00
112,5.62500000e-01,0,-8.61136312e-01,1.23861557e+00
113,5.67500000e-01,0,-8.61136312e-01,1.24482417e+00
114,5.72500000e-01,0,-8.61136312e-01,1.25106389e+00
115,5.77500000e-01,0,-8.61136312e-01,1.25733489e+00
116,5.82500000e-01,0,-8.61136312e-01,1.26363732e+00
117,5.87500000e-01,0,-8.61136312e-01,1.26997134e+00
118,5.92500000e-01,0,-8.61136312e-01,1.27633711e+00
119,5.97500000e-01,0,-8.61136312e-01,1.28273479e+00
120,6.02500000e-01,0,-8.61136312e-01,1.28916454e+00
121,6.07500000e-01,0,-8.61136312e-01,1.29562652e+00
122,6.12500000e-01,0,-8.61136312e-01,1.30212089e+00
123,6.17500000e-01,0,-8.61136312e-01,1.30864781e+00
124,6.22500000e-01,0,-8.61136312e-01,1.31520745e+00
125,6.27500000e-01,0,-8.61136312e-01,1.32179997e+00
126,6.32500000e-01,0,-8.61136312e-01,1.32842553e+00
127,6.37500000e-01,0,-8.61136312e-01,1.33508431e+00
128,6.42500000e-01,0,-8.61136312e-01,1.34177646e+00
129,6.47500000e-01,0,-8.61136312e-01,1.34850215e+00
130,6.52500000e-01,0,-8.61136312e-01,1.35526156e+00
131,6.57500000e-01,0,-8.61136312e-01,1.36205485e+00
132,6.62500000e-01,0,-8.61136312e-01,1.36888220e+00
133,6.67500000e-01,0,-8.61136312e-01,1.37574376e+00
134,6.72500000e-01,0,-8.61136312e-01,1.38263972e+00
135,6.77500000e-01,0,-8.61136312e-01,1.38957025e+00
136,6.82500000e-01,0,-8.61136312e-01,1.39653551e+00
137,6.87500000e-01,0,-8.61136312e-01,1.40353569e+00
138,6.92500000e-01,0,-8.61136312e-01,1.41057095e+00
139,6.97500000e-01,0,-8.61136312e-01,1.41764149e+00
140,7.02500000e-01,0,-8.61136312e-01,1.42474746e+00
141,7.07500000e-01,0,-8.61136312e-01,1.43188905e+00
142,7.12500000e-01,0,-8.61136312e-01,1.43906644e+00
143,7.17500000e-01,0,-8.61136312e-01,1.44627980e+00
144,7.22500000e-01,0,-8.61136312e-01,1.45352933e+00
145,7.27500000e-01,0,-8.61136312e-01,1.46081519e+00
146,7.32500000e-01,0,-8.61136312e-01,1.46813757e+00
147,7.37500000e-01,0,-8.61136312e-01,1.47549665e+00
148,7.42500000e-01,0,-8.61136312e-01,1.48289263e+00
149,7.47500000e-01,0,-8.61136312e-01,1.49032567e+00
150,7.52500000e-01,0,-8.61136312e-01,1.49779598e+00
151,7.57500000e-01,0,-8.61136312e-01,1.50530373e+00
152,7.62500000e-01,0,-8.61136312e-01,1.51284911e+00
153,7.67500000e-01,0,-8.61136312e-01,1.52043231e+00
154,7.72500000e-01,0,-8.61136312e-01,1.52805353e+00
155,7.77500000e-01,0,-8.61136312e-01,1.53571294e+00
156,7.82500000e-01,0,-8.61136312e-01,1.54341075e+00
157,7.87500000e-01,0,-8.61136312e-01,1.55114715e+00
158,7.92500000e-01,0,-8.61136312e-01,1.55892232e+00
159,7.97500000e-01,0,-8.61136312e-01,1.56673647e+00
160,8.02500000e-01,0,-8.61136312e-01,1.57458978e+00
161,8.07500000e-01,0,-8.61136312e-01,1.58248246e+00
162,8.12500000e-01,0,-8.61136312e-01,1.59041471e+00
163,8.17500000e-01,0,-8.61136312e-01,1.59838671e+00
164,8.22500000e-01,0,-8.61136312e-01,1.60639867e+00
165,8.27500000e-01,0,-8.61136312e-01,1.61445080e+00
166,8.32500000e-01,0,-8.61136312e-01,1.62254328e+00
167,8.37500000e-01,0,-8.61136312e-01,1.63067633e+00
168,8.42500000e-01,0,-8.61136312e-01,1.63885015e+00
169,8.47500000e-01,0,-8.61136312e-01,1.64706494e+00
170,8.52500000e-01,0,-8.61136312e-01,1.65532090e+00
171,8.57500000e-01,0,-8.61136312e-01,1.66361825e+00
172,8.62500000e-01,0,-8.61136312e-01,1.67195719e+00
173,8.67500000e-01,0,-8.61136312e-01,1.68033793e+00
174,8.72500000e-01,0,-8.61136312e-01,1.68876067e+00
175,8.77500000e-01,0,-8.61136312e-01,1.69722564e+00
176,8.82500000e-01,0,-8.61136312e-01,1.70573303e+00
177,8.87500000e-01,0,-8.61136312e-01,1.71428307e+00
178,8.92500000e-01,0,-8.61136312e-01,1.72287597e+00
179,8.97500000e-01,0,-8.61136312e-01,1.73151194e+00
180,9.02500000e-01,0,-8.61136312e-01,1.74019120e+00
181,9.07500000e-01,0,-8.61136312e-01,1.74891396e+00
182,9.12500000e-01,0,-8.61136312e-01,1.75768045e+00
183,9.17500000e-01,0,-8.61136312e-01,1.76649088e+00
184,9.22500000e-01,0,-8.61136312e-01,1.77534547e+00
185,9.27500000e-01,0,-8.61136312e-01,1.78424444e+00
186,9.32500000e-01,0,-8.61136312e-01,1.79318802e+00
187,9.37500000e-01,0,-8.61136312e-01,1.80217643e+00
188,9.42500000e-01,0,-8.61136312e-01,1.81120990e+00
189,9.47500000e-01,0,-8.61136312e-01,1.82028865e+00
190,9.52500000e-01,0,-8.61136312e-01,1.82941290e+00
191,9.57500000e-01,0,-8.61136312e-01,1.83858289e+00
192,9.62500000e-01,0,-8.61136312e-01,1.84779884e+00
193,9.67500000e-01,0,-8.61136312e-01,1.85706099e+00
194,9.72500000e-01,0,-8.61136312e-01,1.86636957e+00
195,9.77500000e-01,0,-8.61136312e-01,1.87572481e+00
196,9.82500000e-01,0,-8.61136312e-01,1.88512694e+00
197,9.87500000e-01,0,-8.61136312e-01,1.89457619e+00
198,9.92500000e-01,0,-8.61136312e-01,1.90407282e+00
199,9.97500000e-01,0,-8.61136312e-01,1.91361704e+00
0,2.50000000e-03,1,-3.39981044e-01,7.07725043e-01
1,7.50000000e-03,1,-3.39981044e-01,7.10182306e-01
2,1.25000000e-02,1,-3.39981044e-01,7.12946070e-01
3,1.75000000e-02,1,-3.39981044e-01,7.15767334e-01
4,2.25000000e-02,1,-3.39981044e-01,7.18615829e-01
5,2.75000000e-02,1,-3.39981044e-01,7.21483404e-01
6,3.25000000e-02,1,-3.39981044e-01,7.24367021e-01
7,3.75000000e-02,1,-3.39981044e-01,7.27265339e-01
8,4.25000000e-02,1,-3.39981044e-01,7.30177718e-01
9,4.75000000e-02,1,-3.39981044e-01,7.33103845e-01
10,5.25000000e-02,1,-3.39981044e-01,7.36043584e-01
11,5.75000000e-02,1,-3.39981044e-01,7.38996899e-01
12,6.25000000e-02,1,-3.39981044e-01,7.41963814e-01
13,6.75000000e-02,1,-3.39981044e-01,7.44944390e-01
14,7.25000000e-02,1,-3.39981044e-01,7.47938718e-01
15,7.75000000e-02,1,-3.39981044e-01,7.50946906e-01
16,8.25000000e-02,1,-3.39981044e-01,7.53969075e-01
17,8.75000000e-02,1,-3.39981044e-01,7.57005359e-01
18,9.25000000e-02,1,-3.39981044e-01,7.60055899e-01
19,9.75000000e-02,1,-3.39981044e-01,7.63120843e-01
20,1.02500000e-01,1,-3.39981044e-01,7.66200346e-01
21,1.07500000e-01,1,-3.39981044e-01,7.69294567e-01
22,1.12500000e-01,1,-3.39981044e-01,7.72403672e-01
23,1.17500000e-01,1,-3.39981044e-01,7.75527828e-01
24,1.22500000e-01,1,-3.39981044e-01,7.78667209e-01
25,1.27500000e-01,1,-3.39981044e-01,7.81821991e-01
26,1.32500000e-01,1,-3.39981044e-01,7.84992354e-01
27,1.37500000e-01,1,-3.39981044e-01,7.88178484e-01
28,1.42500000e-01,1,-3.39981044e-01,7.91380567e-01
29,1.47500000e-01,1,-3.39981044e-01,7.94598794e-01
30,1.52500000e-01,1,-3.39981044e-01,7.97833360e-01
31,1.57500000e-01,1,-3.39981044e-01,8.01084462e-01
32,1.62500000e-01,1,-3.39981044e-01,8.04352302e-01
33,1.67500000e-01,1,-3.39981044e-01,8.07637083e-01
34,1.72500000e-01,1,-3.39981044e-01,8.10939015e-01
35,1.77500000e-01,1,-3.39981044e-01,8.14258308e-01
36,1.82500000e-01,1,-3.39981044e-01,8.17595177e-01
37,1.87500000e-01,1,-3.39981044e-01,8.20949840e-01
38,1.92500000e-01,1,-3.39981044e-01,8.24322519e-01
39,1.97500000e-01,1,-3.39981044e-01,8.27713438e-01
40,2.02500000e-01,1,-3.39981044e-01,8.31122827e-01
41,2.07500000e-01,1,-3.39981044e-01,8.34550916e-01
42,2.12500000e-01,1,-3.39981044e-01,8.37997943e-01
43,2.17500000e-01,1,-3.39981044e-01,8.41464145e-01
44,2.22500000e-01,1,-3.39981044e-01,8.44949767e-01
45,2.27500000e-01,1,-3.39981044e-01,8.48455054e-01
46,2.32500000e-01,1,-3.39981044e-01,8.51980257e-01
47,2.37500000e-01,1,-3.39981044e-01,8.55525629e-01
48,2.42500000e-01,1,-3.39981044e-01,8.59091430e-01
49,2.47500000e-01,1,-3.39981044e-01,8.62677919e-01
50,2.52500000e-01,1,-3.39981044e-01,8.66285364e-01
51,2.57500000e-01,1,-3.39981044e-01,8.69914033e-01
52,2.62500000e-01,1,-3.39981044e-01,8.73564200e-01
53,2.67500000e-01,1,-3.39981044e-01,8.77236143e-01
54,2.72500000e-01,1,-3.39981044e-01,8.80930142e-01
55,2.77500000e-01,1,-3.39981044e-01,8.84646484e-01
56,2.82500000e-01,1,-3.39981044e-01,8.88385459e-01
57,2.87500000e-01,1,-3.39981044e-01,8.92147361e-01
58,2.92500000e-01,1,-3.39981044e-01,8.95932488e-01
59,2.97500000e-01,1,-3.39981044e-01,8.99741142e-01
60,3.02500000e-01,1,-3.39981044e-01,9.03573631e-01
61,3.07500000e-01,1,-3.39981044e-01,9.07430267e-01
62,3.12500000e-01,1,-3.39981044e-01,9.11311365e-01
63,3.17500000e-01,1,-3.39981044e-01,9.15217245e-01
64,3.22500000e-01,1,-3.39981044e-01,9.19148234e-01
65,3.27500000e-01,1,-3.39981044e-01,9.23104660e-01
66,3.32500000e-01,1,-3.39981044e-01,9.27086858e-01
67,3.37500000e-01,1,-3.39981044e-01,9.31095167e-01
68,3.42500000e-01,1,-3.39981044e-01,9.35129931e-01
69,3.47500000e-01,1,-3.39981044e-01,9.39191499e-01
70,3.52500000e-01,1,-3.39981044e-01,9.43280224e-01
71,3.57500000e-01,1,-3.39981044e-01,9.47396466e-01
72,3.62500000e-01,1,-3.39981044e-01,9.51540588e-01
73,3.67500000e-01,1,-3.39981044e-01,9.55712959e-01
74,3.72500000e-01,1,-3.39981044e-01,9.59913954e-01
75,3.77500000e-01,1,-3.39981044e-01,9.64143950e-01
76,3.82500000e-01,1,-3.39981044e-01,9.68403334e-01
77,3.87500000e-01,1,-3.39981044e-01,9.72692494e-01
78,3.92500000e-01,1,-3.39981044e-01,9.77011826e-01
79,3.97500000e-01,1,-3.39981044e-01,9.81361731e-01
80,4.02500000e-01,1,-3.39981044e-01,9.85742616e-01
81,4.07500000e-01,1,-3.39981044e-01,9.90154891e-01
82,4.12500000e-01,1,-3.39981044e-01,9.94598976e-01
83,4.17500000e-01,1,-3.39981044e-01,9.99075292e-01
84,4.22500000e-01,1,-3.39981044e-01,1.00358427e+00
85,4.27500000e-01,1,-3.39981044e-01,1.00812634e+00
86,4.32500000e-01,1,-3.39981044e-01,1.01270196e+00
87,4.37500000e-01,1,-3.39981044e-01,1.01731155e+00
88,4.42500000e-01,1,-3.39981044e-01,1.02195559e+00
89,4.47500000e-01,1,-3.39981044e-01,1.02663452e+00
90,4.52500000e-01,1,-3.39981044e-01,1.03134881e+00
91,4.57500000e-01,1,-3.39981044e-01,1.03609893e+00
92,4.62500000e-01,1,-3.39981044e-01,1.04088537e+00
93,4.67500000e-01,1,-3.39981044e-01,1.04570861e+00
94,4.72500000e-01,1,-3.39981044e-01,1.05056913e+00
95,4.77500000e-01,1,-3.39981044e-01,1.05546744e+00
96,4.82500000e-01,1,-3.39981044e-01,1.06040404e+00
97,4.87500000e-01,1,-3.39981044e-01,1.06537944e+00
98,4.92500000e-01,1,-3.39981044e-01,1.07039416e+00
99,4.97500000e-01,1,-3.39981044e-01,1.07544873e+00
100,5.02500000e-01,1,-3.39981044e-01,1.08054367e+00
101,5.07500000e-01,1,-3.39981044e-01,1.08567953e+00
102,5.12500000e-01,1,-3.39981044e-01,1.09085685e+00
103,5.17500000e-01,1,-3.39981044e-01,1.09607618e+00
104,5.22500000e-01,1,-3.39981044e-01,1.10133809e+00
105,5.27500000e-01,1,-3.39981044e-01,1.10664315e+00
106,5.32500000e-01,1,-3.39981044e-01,1.11199192e+00
107,5.37500000e-01,1,-3.39981044e-01,1.11738500e+00
108,5.42500000e-01,1,-3.39981044e-01,1.12282297e+00
109,5.47500000e-01,1,-3.39981044e-01,1.12830644e+00
110,5.52500000e-01,1,-3.39981044e-01,1.13383600e+00
111,5.57500000e-01,1,-3.39981044e-01,1.13941228e+00
112,5.62500000e-01,1,-3.39981044e-01,1.14503590e+00
113,5.67500000e-01,1,-3.39981044e-01,1.15070748e+00
114,5.72500000e-01,1,-3.39981044e-01,1.15642767e+00
115,5.77500000e-01,1,-3.39981044e-01,1.16219711e+00
116,5.82500000e-01,1,-3.39981044e-01,1.16801647e+00
117,5.87500000e-01,1,-3.39981044e-01,1.17388639e+00
118,5.92500000e-01,1,-3.39981044e-01,1.17980756e+00
119,5.97500000e-01,1,-3.39981044e-01,1.18578066e+00
120,6.02500000e-01,1,-3.39981044e-01,1.19180638e+00
121,6.07500000e-01,1,-3.39981044e-01,1.19788541e+00
122,6.12500000e-01,1,-3.39981044e-01,1.20401847e+00
123,6.17500000e-01,1,-3.39981044e-01,1.21020627e+00
124,6.22500000e-01,1,-3.39981044e-01,1.21644954e+00
125,6.27500000e-01,1,-3.39981044e-01,1.22274901e+00
126,6.32500000e-01,1,-3.39981044e-01,1.22910543e+00
127,6.37500000e-01,1,-3.39981044e-01,1.23551956e+00
128,6.42500000e-01,1,-3.39981044e-01,1.24199215e+00
129,6.47500000e-01,1,-3.39981044e-01,1.24852399e+00
130,6.52500000e-01,1,-3.39981044e-01,1.25511585e+00
131,6.57500000e-01,1,-3.39981044e-01,1.26176853e+00
132,6.62500000e-01,1,-3.39981044e-01,1.26848283e+00
133,6.67500000e-01,1,-3.39981044e-01,1.27525958e+00
134,6.72500000e-01,1,-3.39981044e-01,1.28209958e+00
135,6.77500000e-01,1,-3.39981044e-01,1.28900368e+00
136,6.82500000e-01,1,-3.39981044e-01,1.29597272e+00
137,6.87500000e-01,1,-3.39981044e-01,1.30300756e+00
138,6.92500000e-01,1,-3.39981044e-01,1.31010907e+00
139,6.97500000e-01,1,-3.39981044e-01,1.31727811e+00
140,7.02500000e-01,1,-3.39981044e-01,1.32451559e+00
141,7.07500000e-01,1,-3.39981044e-01,1.33182239e+00
142,7.12500000e-01,1,-3.39981044e-01,1.33919944e+00
143,7.17500000e-01,1,-3.39981044e-01,1.34664765e+00
144,7.22500000e-01,1,-3.39981044e-01,1.35416795e+00
145,7.27500000e-01,1,-3.39981044e-01,1.36176130e+00
146,7.32500000e-01,1,-3.39981044e-01,1.36942865e+00
147,7.37500000e-01,1,-3.39981044e-01,1.37717096e+00
148,7.42500000e-01,1,-3.39981044e-01,1.38498922e+00
149,7.47500000e-01,1,-3.39981044e-01,1.39288443e+00
150,7.52500000e-01,1,-3.39981044e-01,1.40085758e+00
151,7.57500000e-01,1,-3.39981044e-01,1.40890969e+00
152,7.62500000e-01,1,-3.39981044e-01,1.41704180e+00
153,7.67500000e-01,1,-3.39981044e-01,1.42525495e+00
154,7.72500000e-01,1,-3.39981044e-01,1.43355019e+00
155,7.77500000e-01,1,-3.39981044e-01,1.44192859e+00
156,7.82500000e-01,1,-3.39981044e-01,1.45039124e+00
157,7.87500000e-01,1,-3.39981044e-01,1.45893923e+00
158,7.92500000e-01,1,-3.39981044e-01,1.46757366e+00
159,7.97500000e-01,1,-3.39981044e-01,1.47629567e+00
160,8.02500000e-01,1,-3.39981044e-01,1.48510638e+00
161,8.07500000e-01,1,-3.39981044e-01,1.49400694e+00
162,8.12500000e-01,1,-3.39981044e-01,1.50299853e+00
163,8.17500000e-01,1,-3.39981044e-01,1.51208231e+00
164,8.22500000e-01,1,-3.39981044e-01,1.52125948e+00
165,8.27500000e-01,1,-3.39981044e-01,1.53053124e+00
166,8.32500000e-01,1,-3.39981044e-01,1.53989882e+00
167,8.37500000e-01,1,-3.39981044e-01,1.54936344e+00
168,8.42500000e-01,1,-3.39981044e-01,1.55892637e+00
169,8.47500000e-01,1,-3.39981044e-01,1.56858887e+00
170,8.52500000e-01,1,-3.39981044e-01,1.57835222e+00
171,8.57500000e-01,1,-3.39981044e-01,1.58821771e+00
172,8.62500000e-01,1,-3.39981044e-01,1.59818665e+00
173,8.67500000e-01,1,-3.39981044e-01,1.60826038e+00
174,8.72500000e-01,1,-3.39981044e-01,1.61844024e+00
175,8.77500000e-01,1,-3.39981044e-01,1.62872758e+00
176,8.82500000e-01,1,-3.39981044e-01,1.63912379e+00
177,8.87500000e-01,1,-3.39981044e-01,1.64963025e+00
178,8.92500000e-01,1,-3.39981044e-01,1.66024838e+00
179,8.97500000e-01,1,-3.39981044e-01,1.67097960e+00
180,9.02500000e-01,1,-3.39981044e-01,1.68182535e+00
181,9.07500000e-01,1,-3.39981044e-01,1.69278709e+00
182,9.12500000e-01,1,-3.39981044e-01,1.70386630e+00
183,9.17500000e-01,1,-3.39981044e-01,1.71506447e+00
184,9.22500000e-01,1,-3.39981044e-01,1.72638312e+00
185,9.27500000e-01,1,-3.39981044e-01,1.73782377e+00
186,9.32500000e-01,1,-3.39981044e-01,1.74938798e+00
187,9.37500000e-01,1,-3.39981044e-01,1.76107731e+00
188,9.42500000e-01,1,-3.39981044e-01,1.77289334e+00
189,9.47500000e-01,1,-3.39981044e-01,1.78483768e+00
190,9.52500000e-01,1,-3.39981044e-01,1.79691195e+00
191,9.57500000e-01,1,-3.39981044e-01,1.80911780e+00
192,9.62500000e-01,1,-3.39981044e-01,1.82145688e+00
193,9.67500000e-01,1,-3.39981044e-01,1.83393087e+00
194,9.72500000e-01,1,-3.39981044e-01,1.84654147e+00
195,9.77500000e-01,1,-3.39981044e-01,1.85929041e+00
196,9.82500000e-01,1,-3.39981044e-01,1.87217942e+00
197,9.87500000e-01,1,-3.39981044e-01,1.88521025e+00
198,9.92500000e-01,1,-3.39981044e-01,1.89838471e+00
199,9.97500000e-01,1,-3.39981044e-01,1.91170457e+00
0,2.50000000e-03,2,3.39981044e-01,7.06214736e-01
1,7.50000000e-03,2,3.39981044e-01,7.06583916e-01
2,1.25000000e-02,2,3.39981044e-01,7.07059495e-01
3,1.75000000e-02,2,3.39981044e-01,7.07556896e-01
4,2.25000000e-02,2,3.39981044e-01,7.08063203e-01
5,2.75000000e-02,2,3.39981044e-01,7.08575033e-01
6,3.25000000e-02,2,3.39981044e-01,7.09091202e-01
7,3.75000000e-02,2,3.39981044e-01,7.09611254e-01
8,4.25000000e-02,2,3.39981044e-01,7.10135025e-01
9,4.75000000e-02,2,3.39981044e-01,7.10662494e-01
10,5.25000000e-02,2,3.39981044e-01,7.11193715e-01
11,5.75000000e-02,2,3.39981044e-01,7.11728785e-01
12,6.25000000e-02,2,3.39981044e-01,7.12267827e-01
13,6.75000000e-02,2,3.39981044e-01,7.12810981e-01
14,7.25000000e-02,2,3.39981044e-01,7.13358403e-01
15,7.75000000e-02,2,3.39981044e-01,7.13910255e-01
16,8.25000000e-02,2,3.39981044e-01,7.14466707e-01
17,8.75000000e-02,2,3.39981044e-01,7.15027937e-01
18,9.25000000e-02,2,3.39981044e-01,7.15594125e-01
19,9.75000000e-02,2,3.39981044e-01,7.16165458e-01
20,1.02500000e-01,2,3.39981044e-01,7.16742126e-01
21,1.07500000e-01,2,3.39981044e-01,7.17324321e-01
22,1.12500000e-01,2,3.39981044e-01,7.17912242e-01
23,1.17500000e-01,2,3.39981044e-01,7.18506089e-01
24,1.22500000e-01,2,3.39981044e-01,7.19106065e-01
25,1.27500000e-01,2,3.39981044e-01,7.19712377e-01
26,1.32500000e-01,2,3.39981044e-01,7.20325234e-01
27,1.37500000e-01,2,3.39981044e-01,7.20944850e-01
28,1.42500000e-01,2,3.39981044e-01,7.21571439e-01
29,1.47500000e-01,2,3.39981044e-01,7.22205222e-01
30,1.52500000e-01,2,3.39981044e-01,7.22846418e-01
31,1.57500000e-01,2,3.39981044e-01,7.23495253e-01
32,1.62500000e-01,2,3.39981044e-01,7.24151954e-01
33,1.67500000e-01,2,3.39981044e-01,7.24816751e-01
34,1.72500000e-01,2,3.39981044e-01,7.25489877e-01
35,1.77500000e-01,2,3.39981044e-01,7.26171570e-01
36,1.82500000e-01,2,3.39981044e-01,7.26862067e-01
37,1.87500000e-01,2,3.39981044e-01,7.27561612e-01
38,1.92500000e-01,2,3.39981044e-01,7.28270451e-01
39,1.97500000e-01,2,3.39981044e-01,7.28988830e-01
40,2.02500000e-01,2,3.39981044e-01,7.29717003e-01
41,2.07500000e-01,2,3.39981044e-01,7.30455223e-01
42,2.12500000e-01,2,3.39981044e-01,7.31203749e-01
43,2.17500000e-01,2,3.39981044e-01,7.31962842e-01
44,2.22500000e-01,2,3.39981044e-01,7.32732767e-01
45,2.27500000e-01,2,3.39981044e-01,7.33513792e-01
46,2.32500000e-01,2,3.39981044e-01,7.34306187e-01
47,2.37500000e-01,2,3.39981044e-01,7.35110229e-01
48,2.42500000e-01,2,3.39981044e-01,7.35926194e-01
49,2.47500000e-01,2,3.39981044e-01,7.36754366e-01
50,2.52500000e-01,2,3.39981044e-01,7.37595030e-01
51,2.57500000e-01,2,3.39981044e-01,7.38448474e-01
52,2.62500000e-01,2,3.39981044e-01,7.39314994e-01
53,2.67500000e-01,2,3.39981044e-01,7.40194885e-01
54,2.72500000e-01,2,3.39981044e-01,7.41088449e-01
55,2.77500000e-01,2,3.39981044e-01,7.41995992e-01
56,2.82500000e-01,2,3.39981044e-01,7.42917823e-01
57,2.87500000e-01,2,3.39981044e-01,7.43854256e-01
58,2.92500000e-01,2,3.39981044e-01,7.44805610e-01
59,2.97500000e-01,2,3.39981044e-01,7.45772207e-01
60,3.02500000e-01,2,3.39981044e-01,7.46754377e-01
61,3.07500000e-01,2,3.39981044e-01,7.47752450e-01
62,3.12500000e-01,2,3.39981044e-01,7.48766767e-01
63,3.17500000e-01,2,3.39981044e-01,7.49797668e-01
64,3.22500000e-01,2,3.39981044e-01,7.50845504e-01
65,3.27500000e-01,2,3.39981044e-01,7.51910628e-01
66,3.32500000e-01,2,3.39981044e-01,7.52993401e-01
67,3.37500000e-01,2,3.39981044e-01,7.54094188e-01
68,3.42500000e-01,2,3.39981044e-01,7.55213362e-01
69,3.47500000e-01,2,3.39981044e-01,7.56351301e-01
70,3.52500000e-01,2,3.39981044e-01,7.57508393e-01
71,3.57500000e-01,2,3.39981044e-01,7.58685029e-01
72,3.62500000e-01,2,3.39981044e-01,7.59881609e-01
73,3.67500000e-01,2,3.39981044e-01,7.61098543e-01
74,3.72500000e-01,2,3.39981044e-01,7.62336246e-01
75,3.77500000e-01,2,3.39981044e-01,7.63595142e-01
76,3.82500000e-01,2,3.39981044e-01,7.64875666e-01
77,3.87500000e-01,2,3.39981044e-01,7.66178259e-01
78,3.92500000e-01,2,3.39981044e-01,7.67503375e-01
79,3.97500000e-01,2,3.39981044e-01,7.68851475e-01
80,4.02500000e-01,2,3.39981044e-01,7.70223033e-01
81,4.07500000e-01,2,3.39981044e-01,7.71618534e-01
82,4.12500000e-01,2,3.39981044e-01,7.73038474e-01
83,4.17500000e-01,2,3.39981044e-01,7.74483361e-01
84,4.22500000e-01,2,3.39981044e-01,7.75953717e-01
85,4.27500000e-01,2,3.39981044e-01,7.77450077e-01
86,4.32500000e-01,2,3.39981044e-01,7.78972992e-01
87,4.37500000e-01,2,3.39981044e-01,7.80523025e-01
88,4.42500000e-01,2,3.39981044e-01,7.82100757e-01
89,4.47500000e-01,2,3.39981044e-01,7.83706787e-01
90,4.52500000e-01,2,3.39981044e-01,7.85341729e-01
91,4.57500000e-01,2,3.39981044e-01,7.87006217e-01
92,4.62500000e-01,2,3.39981044e-01,7.88700905e-01
93,4.67500000e-01,2,3.39981044e-01,7.90426467e-01
94,4.72500000e-01,2,3.39981044e-01,7.92183599e-01
95,4.77500000e-01,2,3.39981044e-01,7.93973021e-01
96,4.82500000e-01,2,3.39981044e-01,7.95795475e-01
97,4.87500000e-01,2,3.39981044e-01,7.97651732e-01
98,4.92500000e-01,2,3.39981044e-01,7.99542586e-01
99,4.97500000e-01,2,3.39981044e-01,8.01468864e-01
100,5.02500000e-01,2,3.39981044e-01,8.03431419e-01
101,5.07500000e-01,2,3.39981044e-01,8.05431138e-01
102,5.12500000e-01,2,3.39981044e-01,8.07468942e-01
103,5.17500000e-01,2,3.39981044e-01,8.09545786e-01
104,5.22500000e-01,2,3.39981044e-01,8.11662662e-01
105,5.27500000e-01,2,3.39981044e-01,8.13820603e-01
106,5.32500000e-01,2,3.39981044e-01,8.16020683e-01
107,5.37500000e-01,2,3.39981044e-01,8.18264020e-01
108,5.42500000e-01,2,3.39981044e-01,8.20551776e-01
109,5.47500000e-01,2,3.39981044e-01,8.22885165e-01
110,5.52500000e-01,2,3.39981044e-01,8.25265451e-01
111,5.57500000e-01,2,3.39981044e-01,8.27693953e-01
112,5.62500000e-01,2,3.39981044e-01,8.30172045e-01
113,5.67500000e-01,2,3.39981044e-01,8.32701164e-01
114,5.72500000e-01,2,3.39981044e-01,8.35282810e-01
115,5.77500000e-01,2,3.39981044e-01,8.37918549e-01
116,5.82500000e-01,2,3.39981044e-01,8.40610020e-01
117,5.87500000e-01,2,3.39981044e-01,8.43358933e-01
118,5.92500000e-01,2,3.39981044e-01,8.46167080e-01
119,5.97500000e-01,2,3.39981044e-01,8.49036334e-01
120,6.02500000e-01,2,3.39981044e-01,8.51968656e-01
121,6.07500000e-01,2,3.39981044e-01,8.54966099e-01
122,6.12500000e-01,2,3.39981044e-01,8.58030812e-01
123,6.17500000e-01,2,3.39981044e-01,8.61165047e-01
124,6.22500000e-01,2,3.39981044e-01,8.64371163e-01
125,6.27500000e-01,2,3.39981044e-01,8.67651630e-01
126,6.32500000e-01,2,3.39981044e-01,8.71009041e-01
127,6.37500000e-01,2,3.39981044e-01,8.74446112e-01
128,6.42500000e-01,2,3.39981044e-01,8.77965689e-01
129,6.47500000e-01,2,3.39981044e-01,8.81570761e-01
130,6.52500000e-01,2,3.39981044e-01,8.85264459e-01
131,6.57500000e-01,2,3.39981044e-01,8.89050069e-01
132,6.62500000e-01,2,3.39981044e-01,8.92931039e-01
133,6.67500000e-01,2,3.39981044e-01,8.96910985e-01
134,6.72500000e-01,2,3.39981044e-01,9.00993703e-01
135,6.77500000e-01,2,3.39981044e-01,9.05183175e-01
136,6.82500000e-01,2,3.39981044e-01,9.09483582e-01
137,6.87500000e-01,2,3.39981044e-01,9.13899309e-01
138,6.92500000e-01,2,3.39981044e-01,9.18434962e-01
139,6.97500000e-01,2,3.39981044e-01,9.23095374e-01
140,7.02500000e-01,2,3.39981044e-01,9.27885616e-01
141,7.07500000e-01,2,3.39981044e-01,9.32811015e-01
142,7.12500000e-01,2,3.39981044e-01,9.37877159e-01
143,7.17500000e-01,2,3.39981044e-01,9.43089915e-01
144,7.22500000e-01,2,3.39981044e-01,9.48455442e-01
145,7.27500000e-01,2,3.39981044e-01,9.53980204e-01
146,7.32500000e-01,2,3.39981044e-01,9.59670986e-01
147,7.37500000e-01,2,3.39981044e-01,9.65534911e-01
148,7.42500000e-01,2,3.39981044e-01,9.71579453e-01
149,7.47500000e-01,2,3.39981044e-01,9.77812458e-01
150,7.52500000e-01,2,3.39981044e-01,9.84242159e-01
151,7.57500000e-01,2,3.39981044e-01,9.90877196e-01
152,7.62500000e-01,2,3.39981044e-01,9.97726638e-01
153,7.67500000e-01,2,3.39981044e-01,1.00480000e+00
154,7.72500000e-01,2,3.39981044e-01,1.01210726e+00
155,7.77500000e-01,2,3.39981044e-01,1.01965890e+00
156,7.82500000e-01,2,3.39981044e-01,1.02746590e+00
157,7.87500000e-01,2,3.39981044e-01,1.03553979e+00
158,7.92500000e-01,2,3.39981044e-01,1.04389266e+00
159,7.97500000e-01,2,3.39981044e-01,1.05253720e+00
160,8.02500000e-01,2,3.39981044e-01,1.06148669e+00
161,8.07500000e-01,2,3.39981044e-01,1.07075510e+00
162,8.12500000e-01,2,3.39981044e-01,1.08035704e+00
163,8.17500000e-01,2,3.39981044e-01,1.09030784e+00
164,8.22500000e-01,2,3.39981044e-01,1.10062359e+00
165,8.27500000e-01,2,3.39981044e-01,1.11132112e+00
166,8.32500000e-01,2,3.39981044e-01,1.12241811e+00
167,8.37500000e-01,2,3.39981044e-01,1.13393307e+00
168,8.42500000e-01,2,3.39981044e-01,1.14588538e+00
169,8.47500000e-01,2,3.39981044e-01,1.15829539e+00
170,8.52500000e-01,2,3.39981044e-01,1.17118437e+00
171,8.57500000e-01,2,3.39981044e-01,1.18457466e+00
172,8.62500000e-01,2,3.39981044e-01,1.19848960e+00
173,8.67500000e-01,2,3.39981044e-01,1.21295369e+00
174,8.72500000e-01,2,3.39981044e-01,1.22799255e+00
175,8.77500000e-01,2,3.39981044e-01,1.24363302e+00
176,8.82500000e-01,2,3.39981044e-01,1.25990322e+00
177,8.87500000e-01,2,3.39981044e-01,1.27683257e+00
178,8.92500000e-01,2,3.39981044e-01,1.29445185e+00
179,8.97500000e-01,2,3.39981044e-01,1.31279332e+00
180,9.02500000e-01,2,3.39981044e-01,1.33189071e+00
181,9.07500000e-01,2,3.39981044e-01,1.35177933e+00
182,9.12500000e-01,2,3.39981044e-01,1.37249612e+00
183,9.17500000e-01,2,3.39981044e-01,1.39407972e+00
184,9.22500000e-01,2,3.39981044e-01,1.41657056e+00
185,9.27500000e-01,2,3.39981044e-01,1.44001093e+00
186,9.32500000e-01,2,3.39981044e-01,1.46444506e+00
187,9.37500000e-01,2,3.39981044e-01,1.48991918e+00
188,9.42500000e-01,2,3.39981044e-01,1.51648166e+00
189,9.47500000e-01,2,3.39981044e-01,1.54418304e+00
190,9.52500000e-01,2,3.39981044e-01,1.57307618e+00
191,9.57500000e-01,2,3.39981044e-01,1.60321630e+00
192,9.62500000e-01,2,3.39981044e-01,1.63466115e+00
193,9.67500000e-01,2,3.39981044e-01,1.66747105e+00
194,9.72500000e-01,2,3.39981044e-01,1.70170902e+00
195,9.77500000e-01,2,3.39981044e-01,1.73744094e+00
196,9.82500000e-01,2,3.39981044e-01,1.77473559e+00
197,9.87500000e-01,2,3.39981044e-01,1.81366483e+00
198,9.92500000e-01,2,3.39981044e-01,1.85430371e+00
199,9.97500000e-01,2,3.39981044e-01,1.89673062e+00
0,2.50000000e-03,3,8.61136312e-01,7.04571375e-01
1,7.50000000e-03,3,8.61136312e-01,7.02667151e-01
2,1.25000000e-02,3,8.61136312e-01,7.00619919e-01
3,1.75000000e-02,3,8.61136312e-01,6.98606297e-01
4,2.25000000e-02,3,8.61136312e-01,6.96586269e-01
5,2.75000000e-02,3,8.61136312e-01,6.94573179e-01
6,3.25000000e-02,3,8.61136312e-01,6.92565935e-01
7,3.75000000e-02,3,8.61136312e-01,6.90564769e-01
8,4.25000000e-02,3,8.61136312e-01,6.88569820e-01
9,4.75000000e-02,3,8.61136312e-01,6.86581178e-01
10,5.25000000e-02,3,8.61136312e-01,6.84598911e-01
11,5.75000000e-02,3,8.61136312e-01,6.82623075e-01
12,6.25000000e-02,3,8.61136312e-01,6.80653714e-01
13,6.75000000e-02,3,8.61136312e-01,6.78690869e-01
14,7.25000000e-02,3,8.61136312e-01,6.76734576e-01
15,7.75000000e-02,3,8.61136312e-01,6.74784870e-01
16,8.25000000e-02,3,8.61136312e-01,6.72841781e-01
17,8.75000000e-02,3,8.61136312e-01,6.70905341e-01
18,9.25000000e-02,3,8.61136312e-01,6.68975579e-01
19,9.75000000e-02,3,8.61136312e-01,6.67052523e-01
20,1.02500000e-01,3,8.61136312e-01,6.65136201e-01
21,1.07500000e-01,3,8.61136312e-01,6.63226640e-01
22,1.12500000e-01,3,8.61136312e-01,6.61323867e-01
23,1.17500000e-01,3,8.61136312e-01,6.59427907e-01
24,1.22500000e-01,3,8.61136312e-01,6.57538786e-01
25,1.27500000e-01,3,8.61136312e-01,6.55656528e-01
26,1.32500000e-01,3,8.61136312e-01,6.53781157e-01
27,1.37500000e-01,3,8.61136312e-01,6.51912698e-01
28,1.42500000e-01,3,8.61136312e-01,6.50051173e-01
29,1.47500000e-01,3,8.61136312e-01,6.48196606e-01
30,1.52500000e-01,3,8.61136312e-01,6.46349020e-01
31,1.57500000e-01,3,8.61136312e-01,6.44508434e-01
32,1.62500000e-01,3,8.61136312e-01,6.42674873e-01
33,1.67500000e-01,3,8.61136312e-01,6.40848355e-01
34,1.72500000e-01,3,8.61136312e-01,6.39028902e-01
35,1.77500000e-01,3,8.61136312e-01,6.37216533e-01
36,1.82500000e-01,3,8.61136312e-01,6.35411269e-01
37,1.87500000e-01,3,8.61136312e-01,6.33613127e-01
38,1.92500000e-01,3,8.61136312e-01,6.31822127e-01
39,1.97500000e-01,3,8.61136312e-01,6.30038286e-01
40,2.02500000e-01,3,8.61136312e-01,6.28261621e-01
41,2.07500000e-01,3,8.61136312e-01,6.26492149e-01
42,2.12500000e-01,3,8.61136312e-01,6.24729887e-01
43,2.17500000e-01,3,8.61136312e-01,6.22974850e-01
44,2.22500000e-01,3,8.61136312e-01,6.21227052e-01
45,2.27500000e-01,3,8.61136312e-01,6.19486509e-01
46,2.32500000e-01,3,8.61136312e-01,6.17753233e-01
47,2.37500000e-01,3,8.61136312e-01,6.16027239e-01
48,2.42500000e-01,3,8.61136312e-01,6.14308539e-01
49,2.47500000e-01,3,8.61136312e-01,6.12597143e-01
50,2.52500000e-01,3,8.61136312e-01,6.10893065e-01
51,2.57500000e-01,3,8.61136312e-01,6.09196313e-01
52,2.62500000e-01,3,8.61136312e-01,6.07506897e-01
53,2.67500000e-01,3,8.61136312e-01,6.05824828e-01
54,2.72500000e-01,3,8.61136312e-01,6.04150111e-01
55,2.77500000e-01,3,8.61136312e-01,6.02482756e-01
56,2.82500000e-01,3,8.61136312e-01,6.00822769e-01
57,2.87500000e-01,3,8.61136312e-01,5.99170155e-01
58,2.92500000e-01,3,8.61136312e-01,5.97524919e-01
59,2.97500000e-01,3,8.61136312e-01,5.95887065e-01
60,3.02500000e-01,3,8.61136312e-01,5.94256597e-01
61,3.07500000e-01,3,8.61136312e-01,5.92633516e-01
62,3.12500000e-01,3,8.61136312e-01,5.91017824e-01
63,3.17500000e-01,3,8.61136312e-01,5.89409521e-01
64,3.22500000e-01,3,8.61136312e-01,5.87808606e-01
65,3.27500000e-01,3,8.61136312e-01,5.86215077e-01
66,3.32500000e-01,3,8.61136312e-01,5.84628931e-01
67,3.37500000e-01,3,8.61136312e-01,5.83050163e-01
68,3.42500000e-01,3,8.61136312e-01,5.81478769e-01
69,3.47500000e-01,3,8.61136312e-01,5.79914741e-01
70,3.52500000e-01,3,8.61136312e-01,5.78358071e-01
71,3.57500000e-01,3,8.61136312e-01,5.76808750e-01
72,3.62500000e-01,3,8.61136312e-01,5.75266766e-01
73,3.67500000e-01,3,8.61136312e-01,5.73732108e-01
74,3.72500000e-01,3,8.61136312e-01,5.72204761e-01
75,3.77500000e-01,3,8.61136312e-01,5.70684710e-01
76,3.82500000e-01,3,8.61136312e-01,5.69171937e-01
77,3.87500000e-01,3,8.61136312e-01,5.67666422e-01
78,3.92500000e-01,3,8.61136312e-01,5.66168145e-01
79,3.97500000e-01,3,8.61136312e-01,5.64677083e-01
80,4.02500000e-01,3,8.61136312e-01,5.63193209e-01
81,4.07500000e-01,3,8.61136312e-01,5.61716497e-01
82,4.12500000e-01,3,8.61136312e-01,5.60246915e-01
83,4.17500000e-01,3,8.61136312e-01,5.58784433e-01
84,4.22500000e-01,3,8.61136312e-01,5.57329015e-01
85,4.27500000e-01,3,8.61136312e-01,5.55880622e-01
86,4.32500000e-01,3,8.61136312e-01,5.54439215e-01
87,4.37500000e-01,3,8.61136312e-01,5.53004749e-01
88,4.42500000e-01,3,8.61136312e-01,5.51577177e-01
89,4.47500000e-01,3,8.61136312e-01,5.50156448e-01
90,4.52500000e-01,3,8.61136312e-01,5.48742509e-01
91,4.57500000e-01,3,8.61136312e-01,5.47335301e-01
92,4.62500000e-01,3,8.61136312e-01,5.45934762e-01
93,4.67500000e-01,3,8.61136312e-01,5.44540825e-01
94,4.72500000e-01,3,8.61136312e-01,5.43153420e-01
95,4.77500000e-01,3,8.61136312e-01,5.41772469e-01
96,4.82500000e-01,3,8.61136312e-01,5.40397893e-01
97,4.87500000e-01,3,8.61136312e-01,5.39029604e-01
98,4.92500000e-01,3,8.61136312e-01,5.37667511e-01
99,4.97500000e-01,3,8.61136312e-01,5.36311513e-01
100,5.02500000e-01,3,8.61136312e-01,5.34961507e-01
101,5.07500000e-01,3,8.61136312e-01,5.33617381e-01
102,5.12500000e-01,3,8.61136312e-01,5.32279014e-01
103,5.17500000e-01,3,8.61136312e-01,5.30946281e-01
104,5.22500000e-01,3,8.61136312e-01,5.29619045e-01
105,5.27500000e-01,3,8.61136312e-01,5.28297162e-01
106,5.32500000e-01,3,8.61136312e-01,5.26980481e-01
107,5.37500000e-01,3,8.61136312e-01,5.25668836e-01
108,5.42500000e-01,3,8.61136312e-01,5.24362055e-01
109,5.47500000e-01,3,8.61136312e-01,5.23059953e-01
110,5.52500000e-01,3,8.61136312e-01,5.21762333e-01
111,5.57500000e-01,3,8.61136312e-01,5.20468988e-01
112,5.62500000e-01,3,8.61136312e-01,5.19179695e-01
113,5.67500000e-01,3,8.61136312e-01,5.17894219e-01
114,5.72500000e-01,3,8.61136312e-01,5.16612308e-01
115,5.77500000e-01,3,8.61136312e-01,5.15333697e-01
116,5.82500000e-01,3,8.61136312e-01,5.14058103e-01
117,5.87500000e-01,3,8.61136312e-01,5.12785225e-01
118,5.92500000e-01,3,8.61136312e-01,5.11514744e-01
119,5.97500000e-01,3,8.61136312e-01,5.10246322e-01
120,6.02500000e-01,3,8.61136312e-01,5.08979598e-01
121,6.07500000e-01,3,8.61136312e-01,5.07714192e-01
122,6.12500000e-01,3,8.61136312e-01,5.06449698e-01
123,6.17500000e-01,3,8.61136312e-01,5.05185686e-01
124,6.22500000e-01,3,8.61136312e-01,5.03921699e-01
125,6.27500000e-01,3,8.61136312e-01,5.02657255e-01
126,6.32500000e-01,3,8.61136312e-01,5.01391840e-01
127,6.37500000e-01,3,8.61136312e-01,5.00124909e-01
128,6.42500000e-01,3,8.61136312e-01,4.98855885e-01
129,6.47500000e-01,3,8.61136312e-01,4.97584157e-01
130,6.52500000e-01,3,8.61136312e-01,4.96309077e-01
131,6.57500000e-01,3,8.61136312e-01,4.95029957e-01
132,6.62500000e-01,3,8.61136312e-01,4.93746068e-01
133,6.67500000e-01,3,8.61136312e-01,4.92456641e-01
134,6.72500000e-01,3,8.61136312e-01,4.91160858e-01
135,6.77500000e-01,3,8.61136312e-01,4.89857853e-01
136,6.82500000e-01,3,8.61136312e-01,4.88546710e-01
137,6.87500000e-01,3,8.61136312e-01,4.87226460e-01
138,6.92500000e-01,3,8.61136312e-01,4.85896076e-01
139,6.97500000e-01,3,8.61136312e-01,4.84554471e-01
140,7.02500000e-01,3,8.61136312e-01,4.83200496e-01
141,7.07500000e-01,3,8.61136312e-01,4.81832934e-01
142,7.12500000e-01,3,8.61136312e-01,4.80450500e-01
143,7.17500000e-01,3,8.61136312e-01,4.79051832e-01
144,7.22500000e-01,3,8.61136312e-01,4.77635492e-01
145,7.27500000e-01,3,8.61136312e-01,4.76199959e-01
146,7.32500000e-01,3,8.61136312e-01,4.74743626e-01
147,7.37500000e-01,3,8.61136312e-01,4.73264794e-01
148,7.42500000e-01,3,8.61136312e-01,4.71761668e-01
149,7.47500000e-01,3,8.61136312e-01,4.70232352e-01
150,7.52500000e-01,3,8.61136312e-01,4.68674843e-01
151,7.57500000e-01,3,8.61136312e-01,4.67087026e-01
152,7.62500000e-01,3,8.61136312e-01,4.65466668e-01
153,7.67500000e-01,3,8.61136312e-01,4.63811411e-01
154,7.72500000e-01,3,8.61136312e-01,4.62118767e-01
155,7.77500000e-01,3,8.61136312e-01,4.60386111e-01
156,7.82500000e-01,3,8.61136312e-01,4.58610671e-01
157,7.87500000e-01,3,8.61136312e-01,4.56789525e-01
158,7.92500000e-01,3,8.61136312e-01,4.54919591e-01
159,7.97500000e-01,3,8.61136312e-01,4.52997617e-01
160,8.02500000e-01,3,8.61136312e-01,4.51020177e-01
161,8.07500000e-01,3,8.61136312e-01,4.48983658e-01
162,8.12500000e-01,3,8.61136312e-01,4.46884251e-01
163,8.17500000e-01,3,8.61136312e-01,4.44717944e-01
164,8.22500000e-01,3,8.61136312e-01,4.42480509e-01
165,8.27500000e-01,3,8.61136312e-01,4.40167492e-01
166,8.32500000e-01,3,8.61136312e-01,4.37774203e-01
167,8.37500000e-01,3,8.61136312e-01,4.35295702e-01
168,8.42500000e-01,3,8.61136312e-01,4.32726787e-01
169,8.47500000e-01,3,8.61136312e-01,4.30061984e-01
170,8.52500000e-01,3,8.61136312e-01,4.27295530e-01
171,8.57500000e-01,3,8.61136312e-01,4.24421361e-01
172,8.62500000e-01,3,8.61136312e-01,4.21433097e-01
173,8.67500000e-01,3,8.61136312e-01,4.18324026e-01
174,8.72500000e-01,3,8.61136312e-01,4.15087087e-01
175,8.77500000e-01,3,8.61136312e-01,4.11714857e-01
176,8.82500000e-01,3,8.61136312e-01,4.08199528e-01
177,8.87500000e-01,3,8.61136312e-01,4.04532895e-01
178,8.92500000e-01,3,8.61136312e-01,4.00706330e-01
179,8.97500000e-01,3,8.61136312e-01,3.96710768e-01
180,9.02500000e-01,3,8.61136312e-01,3.92536683e-01
181,9.07500000e-01,3,8.61136312e-01,3.88174067e-01
182,9.12500000e-01,3,8.61136312e-01,3.83612405e-01
183,9.17500000e-01,3,8.61136312e-01,3.78840658e-01
184,9.22500000e-01,3,8.61136312e-01,3.73847229e-01
185,9.27500000e-01,3,8.61136312e-01,3.68619944e-01
186,9.32500000e-01,3,8.61136312e-01,3.63146024e-01
187,9.37500000e-01,3,8.61136312e-01,3.57412054e-01
188,9.42500000e-01,3,8.61136312e-01,3.51403957e-01
189,9.47500000e-01,3,8.61136312e-01,3.45106959e-01
190,9.52500000e-01,3,8.61136312e-01,3.38505564e-01
191,9.57500000e-01,3,8.61136312e-01,3.31583514e-01
192,9.62500000e-01,3,8.61136312e-01,3.24323758e-01
193,9.67500000e-01,3,8.61136312e-01,3.16708416e-01
194,9.72500000e-01,3,8.61136312e-01,3.08718738e-01
195,9.77500000e-01,3,8.61136312e-01,3.00335069e-01
196,9.82500000e-01,3,8.61136312e-01,2.91536806e-01
197,9.87500000e-01,3,8.61136312e-01,2.82302356e-01
198,9.92500000e-01,3,8.61136312e-01,2.72609089e-01
199,9.97500000e-01,3,8.61136312e-01,2.62433297e-01
