cell,r_center_cm,direction,mu_m,w_m,psi_cell
0,1.00000000e-02,0,-9.89400935e-01,2.71524594e-02,4.34048173e-01
1,3.00000000e-02,0,-9.89400935e-01,2.71524594e-02,4.42623518e-01
2,5.00000000e-02,0,-9.89400935e-01,2.71524594e-02,4.52072580e-01
3,7.00000000e-02,0,-9.89400935e-01,2.71524594e-02,4.62118733e-01
4,9.00000000e-02,0,-9.89400935e-01,2.71524594e-02,4.72742408e-01
5,1.10000000e-01,0,-9.89400935e-01,2.71524594e-02,4.83952486e-01
6,1.30000000e-01,0,-9.89400935e-01,2.71524594e-02,4.95764425e-01
7,1.50000000e-01,0,-9.89400935e-01,2.71524594e-02,5.08196653e-01
8,1.70000000e-01,0,-9.89400935e-01,2.71524594e-02,5.21269003e-01
9,1.90000000e-01,0,-9.89400935e-01,2.71524594e-02,5.35002588e-01
10,2.10000000e-01,0,-9.89400935e-01,2.71524594e-02,5.49419429e-01
11,2.30000000e-01,0,-9.89400935e-01,2.71524594e-02,5.64542586e-01
12,2.50000000e-01,0,-9.89400935e-01,2.71524594e-02,5.80395995e-01
13,2.70000000e-01,0,-9.89400935e-01,2.71524594e-02,5.97004602e-01
14,2.90000000e-01,0,-9.89400935e-01,2.71524594e-02,6.14394279e-01
15,3.10000000e-01,0,-9.89400935e-01,2.71524594e-02,6.32591917e-01
16,3.30000000e-01,0,-9.89400935e-01,2.71524594e-02,6.51625389e-01
17,3.50000000e-01,0,-9.89400935e-01,2.71524594e-02,6.71523604e-01
18,3.70000000e-01,0,-9.89400935e-01,2.71524594e-02,6.92316494e-01
19,3.90000000e-01,0,-9.89400935e-01,2.71524594e-02,7.14035041e-01
20,4.10000000e-01,0,-9.89400935e-01,2.71524594e-02,7.36711265e-01
21,4.30000000e-01,0,-9.89400935e-01,2.71524594e-02,7.60378228e-01
22,4.50000000e-01,0,-9.89400935e-01,2.71524594e-02,7.85070015e-01
23,4.70000000e-01,0,-9.89400935e-01,2.71524594e-02,8.10821713e-01
24,4.90000000e-01,0,-9.89400935e-01,2.71524594e-02,8.37669374e-01
25,5.10000000e-01,0,-9.89400935e-01,2.71524594e-02,8.65649963e-01
26,5.30000000e-01,0,-9.89400935e-01,2.71524594e-02,8.94801289e-01
27,5.50000000e-01,0,-9.89400935e-01,2.71524594e-02,9.25161917e-01
28,5.70000000e-01,0,-9.89400935e-01,2.71524594e-02,9.56771056e-01
29,5.90000000e-01,0,-9.89400935e-01,2.71524594e-02,9.89668416e-01
30,6.10000000e-01,0,-9.89400935e-01,2.71524594e-02,1.02389403e+00
31,6.30000000e-01,0,-9.89400935e-01,2.71524594e-02,1.05948806e+00
32,6.50000000e-01,0,-9.89400935e-01,2.71524594e-02,1.09649048e+00
33,6.70000000e-01,0,-9.89400935e-01,2.71524594e-02,1.13494085e+00
34,6.90000000e-01,0,-9.89400935e-01,2.71524594e-02,1.17487781e+00
35,7.10000000e-01,0,-9.89400935e-01,2.71524594e-02,1.21633871e+00
36,7.30000000e-01,0,-9.89400935e-01,2.71524594e-02,1.25935893e+00
37,7.50000000e-01,0,-9.89400935e-01,2.71524594e-02,1.30397122e+00
38,7.70000000e-01,0,-9.89400935e-01,2.71524594e-02,1.35020472e+00
39,7.90000000e-01,0,-9.89400935e-01,2.71524594e-02,1.39808385e+00
40,8.10000000e-01,0,-9.89400935e-01,2.71524594e-02,1.44762674e+00
41,8.30000000e-01,0,-9.89400935e-01,2.71524594e-02,1.49884329e+00
42,8.50000000e-01,0,-9.89400935e-01,2.71524594e-02,1.55173248e+00
43,8.70000000e-01,0,-9.89400935e-01,2.71524594e-02,1.60627867e+00
44,8.90000000e-01,0,-9.89400935e-01,2.71524594e-02,1.66244629e+00
45,9.10000000e-01,0,-9.89400935e-01,2.71524594e-02,1.72017141e+00
46,9.30000000e-01,0,-9.89400935e-01,2.71524594e-02,1.77934997e+00
47,9.50000000e-01,0,-9.89400935e-01,2.71524594e-02,1.83980551e+00
48,9.70000000e-01,0,-9.89400935e-01,2.71524594e-02,1.90129004e+00
49,9.90000000e-01,0,-9.89400935e-01,2.71524594e-02,1.96310599e+00
0,1.00000000e-02,1,-9.44575023e-01,6.22535239e-02,4.35125020e-01
1,3.00000000e-02,1,-9.44575023e-01,6.22535239e-02,4.42673327e-01
2,5.00000000e-02,1,-9.44575023e-01,6.22535239e-02,4.51660823e-01
3,7.00000000e-02,1,-9.44575023e-01,6.22535239e-02,4.61319984e-01
4,9.00000000e-02,1,-9.44575023e-01,6.22535239e-02,4.71567855e-01
5,1.10000000e-01,1,-9.44575023e-01,6.22535239e-02,4.82396362e-01
6,1.30000000e-01,1,-9.44575023e-01,6.22535239e-02,4.93814652e-01
7,1.50000000e-01,1,-9.44575023e-01,6.22535239e-02,5.05838362e-01
8,1.70000000e-01,1,-9.44575023e-01,6.22535239e-02,5.18485966e-01
9,1.90000000e-01,1,-9.44575023e-01,6.22535239e-02,5.31777923e-01
10,2.10000000e-01,1,-9.44575023e-01,6.22535239e-02,5.45735996e-01
11,2.30000000e-01,1,-9.44575023e-01,6.22535239e-02,5.60383258e-01
12,2.50000000e-01,1,-9.44575023e-01,6.22535239e-02,5.75743865e-01
13,2.70000000e-01,1,-9.44575023e-01,6.22535239e-02,5.91843175e-01
14,2.90000000e-01,1,-9.44575023e-01,6.22535239e-02,6.08707647e-01
15,3.10000000e-01,1,-9.44575023e-01,6.22535239e-02,6.26364958e-01
16,3.30000000e-01,1,-9.44575023e-01,6.22535239e-02,6.44843963e-01
17,3.50000000e-01,1,-9.44575023e-01,6.22535239e-02,6.64174783e-01
18,3.70000000e-01,1,-9.44575023e-01,6.22535239e-02,6.84388799e-01
19,3.90000000e-01,1,-9.44575023e-01,6.22535239e-02,7.05518715e-01
20,4.10000000e-01,1,-9.44575023e-01,6.22535239e-02,7.27598566e-01
21,4.30000000e-01,1,-9.44575023e-01,6.22535239e-02,7.50663754e-01
22,4.50000000e-01,1,-9.44575023e-01,6.22535239e-02,7.74751064e-01
23,4.70000000e-01,1,-9.44575023e-01,6.22535239e-02,7.99898671e-01
24,4.90000000e-01,1,-9.44575023e-01,6.22535239e-02,8.26146142e-01
25,5.10000000e-01,1,-9.44575023e-01,6.22535239e-02,8.53534423e-01
26,5.30000000e-01,1,-9.44575023e-01,6.22535239e-02,8.82105810e-01
27,5.50000000e-01,1,-9.44575023e-01,6.22535239e-02,9.11903903e-01
28,5.70000000e-01,1,-9.44575023e-01,6.22535239e-02,9.42973535e-01
29,5.90000000e-01,1,-9.44575023e-01,6.22535239e-02,9.75360683e-01
30,6.10000000e-01,1,-9.44575023e-01,6.22535239e-02,1.00911233e+00
31,6.30000000e-01,1,-9.44575023e-01,6.22535239e-02,1.04427631e+00
32,6.50000000e-01,1,-9.44575023e-01,6.22535239e-02,1.08090110e+00
33,6.70000000e-01,1,-9.44575023e-01,6.22535239e-02,1.11903551e+00
34,6.90000000e-01,1,-9.44575023e-01,6.22535239e-02,1.15872840e+00
35,7.10000000e-01,1,-9.44575023e-01,6.22535239e-02,1.20002821e+00
36,7.30000000e-01,1,-9.44575023e-01,6.22535239e-02,1.24298242e+00
37,7.50000000e-01,1,-9.44575023e-01,6.22535239e-02,1.28763685e+00
38,7.70000000e-01,1,-9.44575023e-01,6.22535239e-02,1.33403479e+00
39,7.90000000e-01,1,-9.44575023e-01,6.22535239e-02,1.38221582e+00
40,8.10000000e-01,1,-9.44575023e-01,6.22535239e-02,1.43221433e+00
41,8.30000000e-01,1,-9.44575023e-01,6.22535239e-02,1.48405748e+00
42,8.50000000e-01,1,-9.44575023e-01,6.22535239e-02,1.53776247e+00
43,8.70000000e-01,1,-9.44575023e-01,6.22535239e-02,1.59333266e+00
44,8.90000000e-01,1,-9.44575023e-01,6.22535239e-02,1.65075210e+00
45,9.10000000e-01,1,-9.44575023e-01,6.22535239e-02,1.70997663e+00
46,9.30000000e-01,1,-9.44575023e-01,6.22535239e-02,1.77092147e+00
47,9.50000000e-01,1,-9.44575023e-01,6.22535239e-02,1.83342722e+00
48,9.70000000e-01,1,-9.44575023e-01,6.22535239e-02,1.89726051e+00
49,9.90000000e-01,1,-9.44575023e-01,6.22535239e-02,1.96171661e+00
0,1.00000000e-02,2,-8.65631202e-01,9.51585117e-02,4.35018013e-01
1,3.00000000e-02,2,-8.65631202e-01,9.51585117e-02,4.41879959e-01
2,5.00000000e-02,2,-8.65631202e-01,9.51585117e-02,4.50202035e-01
3,7.00000000e-02,2,-8.65631202e-01,9.51585117e-02,4.59173863e-01
4,9.00000000e-02,2,-8.65631202e-01,9.51585117e-02,4.68702419e-01
5,1.10000000e-01,2,-8.65631202e-01,9.51585117e-02,4.78777963e-01
6,1.30000000e-01,2,-8.65631202e-01,9.51585117e-02,4.89409633e-01
7,1.50000000e-01,2,-8.65631202e-01,9.51585117e-02,5.00613552e-01
8,1.70000000e-01,2,-8.65631202e-01,9.51585117e-02,5.12408856e-01
9,1.90000000e-01,2,-8.65631202e-01,9.51585117e-02,5.24816799e-01
10,2.10000000e-01,2,-8.65631202e-01,9.51585117e-02,5.37860056e-01
11,2.30000000e-01,2,-8.65631202e-01,9.51585117e-02,5.51562766e-01
12,2.50000000e-01,2,-8.65631202e-01,9.51585117e-02,5.65950321e-01
13,2.70000000e-01,2,-8.65631202e-01,9.51585117e-02,5.81049522e-01
14,2.90000000e-01,2,-8.65631202e-01,9.51585117e-02,5.96888512e-01
15,3.10000000e-01,2,-8.65631202e-01,9.51585117e-02,6.13496926e-01
16,3.30000000e-01,2,-8.65631202e-01,9.51585117e-02,6.30905888e-01
17,3.50000000e-01,2,-8.65631202e-01,9.51585117e-02,6.49148133e-01
18,3.70000000e-01,2,-8.65631202e-01,9.51585117e-02,6.68258047e-01
19,3.90000000e-01,2,-8.65631202e-01,9.51585117e-02,6.88271763e-01
20,4.10000000e-01,2,-8.65631202e-01,9.51585117e-02,7.09227218e-01
21,4.30000000e-01,2,-8.65631202e-01,9.51585117e-02,7.31164239e-01
22,4.50000000e-01,2,-8.65631202e-01,9.51585117e-02,7.54124599e-01
23,4.70000000e-01,2,-8.65631202e-01,9.51585117e-02,7.78152091e-01
24,4.90000000e-01,2,-8.65631202e-01,9.51585117e-02,8.03292579e-01
25,5.10000000e-01,2,-8.65631202e-01,9.51585117e-02,8.29594052e-01
26,5.30000000e-01,2,-8.65631202e-01,9.51585117e-02,8.57106666e-01
27,5.50000000e-01,2,-8.65631202e-01,9.51585117e-02,8.85882768e-01
28,5.70000000e-01,2,-8.65631202e-01,9.51585117e-02,9.15976912e-01
29,5.90000000e-01,2,-8.65631202e-01,9.51585117e-02,9.47445857e-01
30,6.10000000e-01,2,-8.65631202e-01,9.51585117e-02,9.80348529e-01
31,6.30000000e-01,2,-8.65631202e-01,9.51585117e-02,1.01474597e+00
32,6.50000000e-01,2,-8.65631202e-01,9.51585117e-02,1.05070125e+00
33,6.70000000e-01,2,-8.65631202e-01,9.51585117e-02,1.08827931e+00
34,6.90000000e-01,2,-8.65631202e-01,9.51585117e-02,1.12754678e+00
35,7.10000000e-01,2,-8.65631202e-01,9.51585117e-02,1.16857169e+00
36,7.30000000e-01,2,-8.65631202e-01,9.51585117e-02,1.21142309e+00
37,7.50000000e-01,2,-8.65631202e-01,9.51585117e-02,1.25617059e+00
38,7.70000000e-01,2,-8.65631202e-01,9.51585117e-02,1.30288359e+00
39,7.90000000e-01,2,-8.65631202e-01,9.51585117e-02,1.35163039e+00
40,8.10000000e-01,2,-8.65631202e-01,9.51585117e-02,1.40247688e+00
41,8.30000000e-01,2,-8.65631202e-01,9.51585117e-02,1.45548471e+00
42,8.50000000e-01,2,-8.65631202e-01,9.51585117e-02,1.51070874e+00
43,8.70000000e-01,2,-8.65631202e-01,9.51585117e-02,1.56819327e+00
44,8.90000000e-01,2,-8.65631202e-01,9.51585117e-02,1.62796653e+00
45,9.10000000e-01,2,-8.65631202e-01,9.51585117e-02,1.69003148e+00
46,9.30000000e-01,2,-8.65631202e-01,9.51585117e-02,1.75435271e+00
47,9.50000000e-01,2,-8.65631202e-01,9.51585117e-02,1.82081963e+00
48,9.70000000e-01,2,-8.65631202e-01,9.51585117e-02,1.88924734e+00
49,9.90000000e-01,2,-8.65631202e-01,9.51585117e-02,1.95894088e+00
0,1.00000000e-02,3,-7.55404408e-01,1.24628971e-01,4.34539366e-01
1,3.00000000e-02,3,-7.55404408e-01,1.24628971e-01,4.40546902e-01
2,5.00000000e-02,3,-7.55404408e-01,1.24628971e-01,4.47924539e-01
3,7.00000000e-02,3,-7.55404408e-01,1.24628971e-01,4.55900121e-01
4,9.00000000e-02,3,-7.55404408e-01,1.24628971e-01,4.64385430e-01
5,1.10000000e-01,3,-7.55404408e-01,1.24628971e-01,4.73373679e-01
6,1.30000000e-01,3,-7.55404408e-01,1.24628971e-01,4.82876070e-01
7,1.50000000e-01,3,-7.55404408e-01,1.24628971e-01,4.92910383e-01
8,1.70000000e-01,3,-7.55404408e-01,1.24628971e-01,5.03497151e-01
9,1.90000000e-01,3,-7.55404408e-01,1.24628971e-01,5.14658945e-01
10,2.10000000e-01,3,-7.55404408e-01,1.24628971e-01,5.26419717e-01
11,2.30000000e-01,3,-7.55404408e-01,1.24628971e-01,5.38804937e-01
12,2.50000000e-01,3,-7.55404408e-01,1.24628971e-01,5.51841403e-01
13,2.70000000e-01,3,-7.55404408e-01,1.24628971e-01,5.65557467e-01
14,2.90000000e-01,3,-7.55404408e-01,1.24628971e-01,5.79982982e-01
15,3.10000000e-01,3,-7.55404408e-01,1.24628971e-01,5.95149502e-01
16,3.30000000e-01,3,-7.55404408e-01,1.24628971e-01,6.11090309e-01
17,3.50000000e-01,3,-7.55404408e-01,1.24628971e-01,6.27840577e-01
18,3.70000000e-01,3,-7.55404408e-01,1.24628971e-01,6.45437451e-01
19,3.90000000e-01,3,-7.55404408e-01,1.24628971e-01,6.63920197e-01
20,4.10000000e-01,3,-7.55404408e-01,1.24628971e-01,6.83330310e-01
21,4.30000000e-01,3,-7.55404408e-01,1.24628971e-01,7.03711662e-01
22,4.50000000e-01,3,-7.55404408e-01,1.24628971e-01,7.25110636e-01
23,4.70000000e-01,3,-7.55404408e-01,1.24628971e-01,7.47576285e-01
24,4.90000000e-01,3,-7.55404408e-01,1.24628971e-01,7.71160484e-01
25,5.10000000e-01,3,-7.55404408e-01,1.24628971e-01,7.95918111e-01
26,5.30000000e-01,3,-7.55404408e-01,1.24628971e-01,8.21907220e-01
27,5.50000000e-01,3,-7.55404408e-01,1.24628971e-01,8.49189246e-01
28,5.70000000e-01,3,-7.55404408e-01,1.24628971e-01,8.77829208e-01
29,5.90000000e-01,3,-7.55404408e-01,1.24628971e-01,9.07895938e-01
30,6.10000000e-01,3,-7.55404408e-01,1.24628971e-01,9.39462320e-01
31,6.30000000e-01,3,-7.55404408e-01,1.24628971e-01,9.72605547e-01
32,6.50000000e-01,3,-7.55404408e-01,1.24628971e-01,1.00740739e+00
33,6.70000000e-01,3,-7.55404408e-01,1.24628971e-01,1.04395449e+00
34,6.90000000e-01,3,-7.55404408e-01,1.24628971e-01,1.08233862e+00
35,7.10000000e-01,3,-7.55404408e-01,1.24628971e-01,1.12265701e+00
36,7.30000000e-01,3,-7.55404408e-01,1.24628971e-01,1.16501256e+00
37,7.50000000e-01,3,-7.55404408e-01,1.24628971e-01,1.20951408e+00
38,7.70000000e-01,3,-7.55404408e-01,1.24628971e-01,1.25627638e+00
39,7.90000000e-01,3,-7.55404408e-01,1.24628971e-01,1.30542023e+00
40,8.10000000e-01,3,-7.55404408e-01,1.24628971e-01,1.35707202e+00
41,8.30000000e-01,3,-7.55404408e-01,1.24628971e-01,1.41136293e+00
42,8.50000000e-01,3,-7.55404408e-01,1.24628971e-01,1.46842747e+00
43,8.70000000e-01,3,-7.55404408e-01,1.24628971e-01,1.52840071e+00
44,8.90000000e-01,3,-7.55404408e-01,1.24628971e-01,1.59141357e+00
45,9.10000000e-01,3,-7.55404408e-01,1.24628971e-01,1.65758398e+00
46,9.30000000e-01,3,-7.55404408e-01,1.24628971e-01,1.72700358e+00
47,9.50000000e-01,3,-7.55404408e-01,1.24628971e-01,1.79969672e+00
48,9.70000000e-01,3,-7.55404408e-01,1.24628971e-01,1.87562245e+00
49,9.90000000e-01,3,-7.55404408e-01,1.24628971e-01,1.95417135e+00
0,1.00000000e-02,4,-6.17876244e-01,1.49595989e-01,4.33820783e-01
1,3.00000000e-02,4,-6.17876244e-01,1.49595989e-01,4.38779071e-01
2,5.00000000e-02,4,-6.17876244e-01,1.49595989e-01,4.44963067e-01
3,7.00000000e-02,4,-6.17876244e-01,1.49595989e-01,4.51682038e-01
4,9.00000000e-02,4,-6.17876244e-01,1.49595989e-01,4.58859517e-01
5,1.10000000e-01,4,-6.17876244e-01,1.49595989e-01,4.66493610e-01
6,1.30000000e-01,4,-6.17876244e-01,1.49595989e-01,4.74598164e-01
7,1.50000000e-01,4,-6.17876244e-01,1.49595989e-01,4.83192669e-01
8,1.70000000e-01,4,-6.17876244e-01,1.49595989e-01,4.92298783e-01
9,1.90000000e-01,4,-6.17876244e-01,1.49595989e-01,5.01939891e-01
10,2.10000000e-01,4,-6.17876244e-01,1.49595989e-01,5.12140508e-01
11,2.30000000e-01,4,-6.17876244e-01,1.49595989e-01,5.22926536e-01
12,2.50000000e-01,4,-6.17876244e-01,1.49595989e-01,5.34325084e-01
13,2.70000000e-01,4,-6.17876244e-01,1.49595989e-01,5.46364762e-01
14,2.90000000e-01,4,-6.17876244e-01,1.49595989e-01,5.59075639e-01
15,3.10000000e-01,4,-6.17876244e-01,1.49595989e-01,5.72489495e-01
16,3.30000000e-01,4,-6.17876244e-01,1.49595989e-01,5.86639869e-01
17,3.50000000e-01,4,-6.17876244e-01,1.49595989e-01,6.01562278e-01
18,3.70000000e-01,4,-6.17876244e-01,1.49595989e-01,6.17294343e-01
19,3.90000000e-01,4,-6.17876244e-01,1.49595989e-01,6.33876003e-01
20,4.10000000e-01,4,-6.17876244e-01,1.49595989e-01,6.51349704e-01
21,4.30000000e-01,4,-6.17876244e-01,1.49595989e-01,6.69760644e-01
22,4.50000000e-01,4,-6.17876244e-01,1.49595989e-01,6.89157030e-01
23,4.70000000e-01,4,-6.17876244e-01,1.49595989e-01,7.09590378e-01
24,4.90000000e-01,4,-6.17876244e-01,1.49595989e-01,7.31115855e-01
25,5.10000000e-01,4,-6.17876244e-01,1.49595989e-01,7.53792659e-01
26,5.30000000e-01,4,-6.17876244e-01,1.49595989e-01,7.77684465e-01
27,5.50000000e-01,4,-6.17876244e-01,1.49595989e-01,8.02859923e-01
28,5.70000000e-01,4,-6.17876244e-01,1.49595989e-01,8.29393238e-01
29,5.90000000e-01,4,-6.17876244e-01,1.49595989e-01,8.57364817e-01
30,6.10000000e-01,4,-6.17876244e-01,1.49595989e-01,8.86862024e-01
31,6.30000000e-01,4,-6.17876244e-01,1.49595989e-01,9.17980029e-01
32,6.50000000e-01,4,-6.17876244e-01,1.49595989e-01,9.50822779e-01
33,6.70000000e-01,4,-6.17876244e-01,1.49595989e-01,9.85504106e-01
34,6.90000000e-01,4,-6.17876244e-01,1.49595989e-01,1.02214897e+00
35,7.10000000e-01,4,-6.17876244e-01,1.49595989e-01,1.06089491e+00
36,7.30000000e-01,4,-6.17876244e-01,1.49595989e-01,1.10189359e+00
37,7.50000000e-01,4,-6.17876244e-01,1.49595989e-01,1.14531265e+00
38,7.70000000e-01,4,-6.17876244e-01,1.49595989e-01,1.19133773e+00
39,7.90000000e-01,4,-6.17876244e-01,1.49595989e-01,1.24017462e+00
40,8.10000000e-01,4,-6.17876244e-01,1.49595989e-01,1.29205176e+00
41,8.30000000e-01,4,-6.17876244e-01,1.49595989e-01,1.34722275e+00
42,8.50000000e-01,4,-6.17876244e-01,1.49595989e-01,1.40596893e+00
43,8.70000000e-01,4,-6.17876244e-01,1.49595989e-01,1.46860160e+00
44,8.90000000e-01,4,-6.17876244e-01,1.49595989e-01,1.53546338e+00
45,9.10000000e-01,4,-6.17876244e-01,1.49595989e-01,1.60692645e+00
46,9.30000000e-01,4,-6.17876244e-01,1.49595989e-01,1.68338768e+00
47,9.50000000e-01,4,-6.17876244e-01,1.49595989e-01,1.76523270e+00
48,9.70000000e-01,4,-6.17876244e-01,1.49595989e-01,1.85285653e+00
49,9.90000000e-01,4,-6.17876244e-01,1.49595989e-01,1.94606135e+00
0,1.00000000e-02,5,-4.58016778e-01,1.69156519e-01,4.32927594e-01
1,3.00000000e-02,5,-4.58016778e-01,1.69156519e-01,4.36666652e-01
2,5.00000000e-02,5,-4.58016778e-01,1.69156519e-01,4.41459378e-01
3,7.00000000e-02,5,-4.58016778e-01,1.69156519e-01,4.46723447e-01
4,9.00000000e-02,5,-4.58016778e-01,1.69156519e-01,4.52397374e-01
5,1.10000000e-01,5,-4.58016778e-01,1.69156519e-01,4.58484518e-01
6,1.30000000e-01,5,-4.58016778e-01,1.69156519e-01,4.65000862e-01
7,1.50000000e-01,5,-4.58016778e-01,1.69156519e-01,4.71966788e-01
8,1.70000000e-01,5,-4.58016778e-01,1.69156519e-01,4.79403968e-01
9,1.90000000e-01,5,-4.58016778e-01,1.69156519e-01,4.87335313e-01
10,2.10000000e-01,5,-4.58016778e-01,1.69156519e-01,4.95784391e-01
11,2.30000000e-01,5,-4.58016778e-01,1.69156519e-01,5.04775849e-01
12,2.50000000e-01,5,-4.58016778e-01,1.69156519e-01,5.14335203e-01
13,2.70000000e-01,5,-4.58016778e-01,1.69156519e-01,5.24489235e-01
14,2.90000000e-01,5,-4.58016778e-01,1.69156519e-01,5.35265926e-01
15,3.10000000e-01,5,-4.58016778e-01,1.69156519e-01,5.46694789e-01
16,3.30000000e-01,5,-4.58016778e-01,1.69156519e-01,5.58806920e-01
17,3.50000000e-01,5,-4.58016778e-01,1.69156519e-01,5.71635292e-01
18,3.70000000e-01,5,-4.58016778e-01,1.69156519e-01,5.85214923e-01
19,3.90000000e-01,5,-4.58016778e-01,1.69156519e-01,5.99583175e-01
20,4.10000000e-01,5,-4.58016778e-01,1.69156519e-01,6.14780030e-01
21,4.30000000e-01,5,-4.58016778e-01,1.69156519e-01,6.30848453e-01
22,4.50000000e-01,5,-4.58016778e-01,1.69156519e-01,6.47834786e-01
23,4.70000000e-01,5,-4.58016778e-01,1.69156519e-01,6.65789211e-01
24,4.90000000e-01,5,-4.58016778e-01,1.69156519e-01,6.84766293e-01
25,5.10000000e-01,5,-4.58016778e-01,1.69156519e-01,7.04825600e-01
26,5.30000000e-01,5,-4.58016778e-01,1.69156519e-01,7.26032426e-01
27,5.50000000e-01,5,-4.58016778e-01,1.69156519e-01,7.48458620e-01
28,5.70000000e-01,5,-4.58016778e-01,1.69156519e-01,7.72183557e-01
29,5.90000000e-01,5,-4.58016778e-01,1.69156519e-01,7.97295254e-01
30,6.10000000e-01,5,-4.58016778e-01,1.69156519e-01,8.23891673e-01
31,6.30000000e-01,5,-4.58016778e-01,1.69156519e-01,8.52082236e-01
32,6.50000000e-01,5,-4.58016778e-01,1.69156519e-01,8.81989607e-01
33,6.70000000e-01,5,-4.58016778e-01,1.69156519e-01,9.13751796e-01
34,6.90000000e-01,5,-4.58016778e-01,1.69156519e-01,9.47524664e-01
35,7.10000000e-01,5,-4.58016778e-01,1.69156519e-01,9.83484949e-01
36,7.30000000e-01,5,-4.58016778e-01,1.69156519e-01,1.02183396e+00
37,7.50000000e-01,5,-4.58016778e-01,1.69156519e-01,1.06280218e+00
38,7.70000000e-01,5,-4.58016778e-01,1.69156519e-01,1.10665500e+00
39,7.90000000e-01,5,-4.58016778e-01,1.69156519e-01,1.15370016e+00
40,8.10000000e-01,5,-4.58016778e-01,1.69156519e-01,1.20429738e+00
41,8.30000000e-01,5,-4.58016778e-01,1.69156519e-01,1.25887112e+00
42,8.50000000e-01,5,-4.58016778e-01,1.69156519e-01,1.31792769e+00
43,8.70000000e-01,5,-4.58016778e-01,1.69156519e-01,1.38207841e+00
44,8.90000000e-01,5,-4.58016778e-01,1.69156519e-01,1.45207124e+00
45,9.10000000e-01,5,-4.58016778e-01,1.69156519e-01,1.52883246e+00
46,9.30000000e-01,5,-4.58016778e-01,1.69156519e-01,1.61352580e+00
47,9.50000000e-01,5,-4.58016778e-01,1.69156519e-01,1.70760003e+00
48,9.70000000e-01,5,-4.58016778e-01,1.69156519e-01,1.81296186e+00
49,9.90000000e-01,5,-4.58016778e-01,1.69156519e-01,1.93134895e+00
0,1.00000000e-02,6,-2.81603551e-01,1.82603415e-01,4.31913556e-01
1,3.00000000e-02,6,-2.81603551e-01,1.82603415e-01,4.34304410e-01
2,5.00000000e-02,6,-2.81603551e-01,1.82603415e-01,4.37568082e-01
3,7.00000000e-02,6,-2.81603551e-01,1.82603415e-01,4.41246253e-01
4,9.00000000e-02,6,-2.81603551e-01,1.82603415e-01,4.45293015e-01
5,1.10000000e-01,6,-2.81603551e-01,1.82603415e-01,4.49716252e-01
6,1.30000000e-01,6,-2.81603551e-01,1.82603415e-01,4.54532864e-01
7,1.50000000e-01,6,-2.81603551e-01,1.82603415e-01,4.59762844e-01
8,1.70000000e-01,6,-2.81603551e-01,1.82603415e-01,4.65426403e-01
9,1.90000000e-01,6,-2.81603551e-01,1.82603415e-01,4.71544477e-01
10,2.10000000e-01,6,-2.81603551e-01,1.82603415e-01,4.78138019e-01
11,2.30000000e-01,6,-2.81603551e-01,1.82603415e-01,4.85228711e-01
12,2.50000000e-01,6,-2.81603551e-01,1.82603415e-01,4.92838614e-01
13,2.70000000e-01,6,-2.81603551e-01,1.82603415e-01,5.00990750e-01
14,2.90000000e-01,6,-2.81603551e-01,1.82603415e-01,5.09708945e-01
15,3.10000000e-01,6,-2.81603551e-01,1.82603415e-01,5.19018282e-01
16,3.30000000e-01,6,-2.81603551e-01,1.82603415e-01,5.28945113e-01
17,3.50000000e-01,6,-2.81603551e-01,1.82603415e-01,5.39517439e-01
18,3.70000000e-01,6,-2.81603551e-01,1.82603415e-01,5.50765084e-01
19,3.90000000e-01,6,-2.81603551e-01,1.82603415e-01,5.62720065e-01
20,4.10000000e-01,6,-2.81603551e-01,1.82603415e-01,5.75416911e-01
21,4.30000000e-01,6,-2.81603551e-01,1.82603415e-01,5.88893102e-01
22,4.50000000e-01,6,-2.81603551e-01,1.82603415e-01,6.03189526e-01
23,4.70000000e-01,6,-2.81603551e-01,1.82603415e-01,6.18351046e-01
24,4.90000000e-01,6,-2.81603551e-01,1.82603415e-01,6.34427128e-01
25,5.10000000e-01,6,-2.81603551e-01,1.82603415e-01,6.51472581e-01
26,5.30000000e-01,6,-2.81603551e-01,1.82603415e-01,6.69548405e-01
27,5.50000000e-01,6,-2.81603551e-01,1.82603415e-01,6.88722782e-01
28,5.70000000e-01,6,-2.81603551e-01,1.82603415e-01,7.09072211e-01
29,5.90000000e-01,6,-2.81603551e-01,1.82603415e-01,7.30682854e-01
30,6.10000000e-01,6,-2.81603551e-01,1.82603415e-01,7.53652107e-01
31,6.30000000e-01,6,-2.81603551e-01,1.82603415e-01,7.78090474e-01
32,6.50000000e-01,6,-2.81603551e-01,1.82603415e-01,8.04123831e-01
33,6.70000000e-01,6,-2.81603551e-01,1.82603415e-01,8.31896196e-01
34,6.90000000e-01,6,-2.81603551e-01,1.82603415e-01,8.61573191e-01
35,7.10000000e-01,6,-2.81603551e-01,1.82603415e-01,8.93346453e-01
36,7.30000000e-01,6,-2.81603551e-01,1.82603415e-01,9.27439360e-01
37,7.50000000e-01,6,-2.81603551e-01,1.82603415e-01,9.64114653e-01
38,7.70000000e-01,6,-2.81603551e-01,1.82603415e-01,1.00368475e+00
39,7.90000000e-01,6,-2.81603551e-01,1.82603415e-01,1.04652604e+00
40,8.10000000e-01,6,-2.81603551e-01,1.82603415e-01,1.09309905e+00
41,8.30000000e-01,6,-2.81603551e-01,1.82603415e-01,1.14397760e+00
42,8.50000000e-01,6,-2.81603551e-01,1.82603415e-01,1.19989208e+00
43,8.70000000e-01,6,-2.81603551e-01,1.82603415e-01,1.26179602e+00
44,8.90000000e-01,6,-2.81603551e-01,1.82603415e-01,1.33097405e+00
45,9.10000000e-01,6,-2.81603551e-01,1.82603415e-01,1.40922632e+00
46,9.30000000e-01,6,-2.81603551e-01,1.82603415e-01,1.49922094e+00
47,9.50000000e-01,6,-2.81603551e-01,1.82603415e-01,1.60515654e+00
48,9.70000000e-01,6,-2.81603551e-01,1.82603415e-01,1.73446197e+00
49,9.90000000e-01,6,-2.81603551e-01,1.82603415e-01,1.90006170e+00
0,1.00000000e-02,7,-9.50125098e-02,1.89450610e-01,4.30831761e-01
1,3.00000000e-02,7,-9.50125098e-02,1.89450610e-01,4.31792585e-01
2,5.00000000e-02,7,-9.50125098e-02,1.89450610e-01,4.33452134e-01
3,7.00000000e-02,7,-9.50125098e-02,1.89450610e-01,4.35481721e-01
4,9.00000000e-02,7,-9.50125098e-02,1.89450610e-01,4.37849358e-01
5,1.10000000e-01,7,-9.50125098e-02,1.89450610e-01,4.40566230e-01
6,1.30000000e-01,7,-9.50125098e-02,1.89450610e-01,4.43648487e-01
7,1.50000000e-01,7,-9.50125098e-02,1.89450610e-01,4.47114596e-01
8,1.70000000e-01,7,-9.50125098e-02,1.89450610e-01,4.50981851e-01
9,1.90000000e-01,7,-9.50125098e-02,1.89450610e-01,4.55268143e-01
10,2.10000000e-01,7,-9.50125098e-02,1.89450610e-01,4.59990487e-01
11,2.30000000e-01,7,-9.50125098e-02,1.89450610e-01,4.65166560e-01
12,2.50000000e-01,7,-9.50125098e-02,1.89450610e-01,4.70813739e-01
13,2.70000000e-01,7,-9.50125098e-02,1.89450610e-01,4.76950252e-01
14,2.90000000e-01,7,-9.50125098e-02,1.89450610e-01,4.83594594e-01
15,3.10000000e-01,7,-9.50125098e-02,1.89450610e-01,4.90766329e-01
16,3.30000000e-01,7,-9.50125098e-02,1.89450610e-01,4.98485861e-01
17,3.50000000e-01,7,-9.50125098e-02,1.89450610e-01,5.06774989e-01
18,3.70000000e-01,7,-9.50125098e-02,1.89450610e-01,5.15656957e-01
19,3.90000000e-01,7,-9.50125098e-02,1.89450610e-01,5.25156896e-01
20,4.10000000e-01,7,-9.50125098e-02,1.89450610e-01,5.35302072e-01
21,4.30000000e-01,7,-9.50125098e-02,1.89450610e-01,5.46122338e-01
22,4.50000000e-01,7,-9.50125098e-02,1.89450610e-01,5.57650536e-01
23,4.70000000e-01,7,-9.50125098e-02,1.89450610e-01,5.69923028e-01
24,4.90000000e-01,7,-9.50125098e-02,1.89450610e-01,5.82980257e-01
25,5.10000000e-01,7,-9.50125098e-02,1.89450610e-01,5.96867417e-01
26,5.30000000e-01,7,-9.50125098e-02,1.89450610e-01,6.11635205e-01
27,5.50000000e-01,7,-9.50125098e-02,1.89450610e-01,6.27340692e-01
28,5.70000000e-01,7,-9.50125098e-02,1.89450610e-01,6.44048333e-01
29,5.90000000e-01,7,-9.50125098e-02,1.89450610e-01,6.61831149e-01
30,6.10000000e-01,7,-9.50125098e-02,1.89450610e-01,6.80772130e-01
31,6.30000000e-01,7,-9.50125098e-02,1.89450610e-01,7.00965931e-01
32,6.50000000e-01,7,-9.50125098e-02,1.89450610e-01,7.22520948e-01
33,6.70000000e-01,7,-9.50125098e-02,1.89450610e-01,7.45561941e-01
34,6.90000000e-01,7,-9.50125098e-02,1.89450610e-01,7.70233391e-01
35,7.10000000e-01,7,-9.50125098e-02,1.89450610e-01,7.96703926e-01
36,7.30000000e-01,7,-9.50125098e-02,1.89450610e-01,8.25172267e-01
37,7.50000000e-01,7,-9.50125098e-02,1.89450610e-01,8.55875400e-01
38,7.70000000e-01,7,-9.50125098e-02,1.89450610e-01,8.89100030e-01
39,7.90000000e-01,7,-9.50125098e-02,1.89450610e-01,9.25198985e-01
40,8.10000000e-01,7,-9.50125098e-02,1.89450610e-01,9.64615109e-01
41,8.30000000e-01,7,-9.50125098e-02,1.89450610e-01,1.00791760e+00
42,8.50000000e-01,7,-9.50125098e-02,1.89450610e-01,1.05585682e+00
43,8.70000000e-01,7,-9.50125098e-02,1.89450610e-01,1.10946241e+00
44,8.90000000e-01,7,-9.50125098e-02,1.89450610e-01,1.17017743e+00
45,9.10000000e-01,7,-9.50125098e-02,1.89450610e-01,1.24030059e+00
46,9.30000000e-01,7,-9.50125098e-02,1.89450610e-01,1.32294073e+00
47,9.50000000e-01,7,-9.50125098e-02,1.89450610e-01,1.42702920e+00
48,9.70000000e-01,7,-9.50125098e-02,1.89450610e-01,1.55058194e+00
49,9.90000000e-01,7,-9.50125098e-02,1.89450610e-01,1.80443241e+00
0,1.00000000e-02,8,9.50125098e-02,1.89450610e-01,4.29716337e-01
1,3.00000000e-02,8,9.50125098e-02,1.89450610e-01,4.29267906e-01
2,5.00000000e-02,8,9.50125098e-02,1.89450610e-01,4.29228828e-01
3,7.00000000e-02,8,9.50125098e-02,1.89450610e-01,4.29719678e-01
4,9.00000000e-02,8,9.50125098e-02,1.89450610e-01,4.30301421e-01
5,1.10000000e-01,8,9.50125098e-02,1.89450610e-01,4.31468913e-01
6,1.30000000e-01,8,9.50125098e-02,1.89450610e-01,4.32727482e-01
7,1.50000000e-01,8,9.50125098e-02,1.89450610e-01,4.34592770e-01
8,1.70000000e-01,8,9.50125098e-02,1.89450610e-01,4.36616022e-01
9,1.90000000e-01,8,9.50125098e-02,1.89450610e-01,4.39217021e-01
10,2.10000000e-01,8,9.50125098e-02,1.89450610e-01,4.42069370e-01
11,2.30000000e-01,8,9.50125098e-02,1.89450610e-01,4.45457248e-01
12,2.50000000e-01,8,9.50125098e-02,1.89450610e-01,4.49185772e-01
13,2.70000000e-01,8,9.50125098e-02,1.89450610e-01,4.53420638e-01
14,2.90000000e-01,8,9.50125098e-02,1.89450610e-01,4.58067335e-01
15,3.10000000e-01,8,9.50125098e-02,1.89450610e-01,4.63213112e-01
16,3.30000000e-01,8,9.50125098e-02,1.89450610e-01,4.68824585e-01
17,3.50000000e-01,8,9.50125098e-02,1.89450610e-01,4.74947640e-01
18,3.70000000e-01,8,9.50125098e-02,1.89450610e-01,4.81580571e-01
19,3.90000000e-01,8,9.50125098e-02,1.89450610e-01,4.88752348e-01
20,4.10000000e-01,8,9.50125098e-02,1.89450610e-01,4.96476643e-01
21,4.30000000e-01,8,9.50125098e-02,1.89450610e-01,5.04778586e-01
22,4.50000000e-01,8,9.50125098e-02,1.89450610e-01,5.13680477e-01
23,4.70000000e-01,8,9.50125098e-02,1.89450610e-01,5.23209959e-01
24,4.90000000e-01,8,9.50125098e-02,1.89450610e-01,5.33396409e-01
25,5.10000000e-01,8,9.50125098e-02,1.89450610e-01,5.44273414e-01
26,5.30000000e-01,8,9.50125098e-02,1.89450610e-01,5.55878328e-01
27,5.50000000e-01,8,9.50125098e-02,1.89450610e-01,5.68253324e-01
28,5.70000000e-01,8,9.50125098e-02,1.89450610e-01,5.81445881e-01
29,5.90000000e-01,8,9.50125098e-02,1.89450610e-01,5.95509667e-01
30,6.10000000e-01,8,9.50125098e-02,1.89450610e-01,6.10505449e-01
31,6.30000000e-01,8,9.50125098e-02,1.89450610e-01,6.26502240e-01
32,6.50000000e-01,8,9.50125098e-02,1.89450610e-01,6.43578684e-01
33,6.70000000e-01,8,9.50125098e-02,1.89450610e-01,6.61824806e-01
34,6.90000000e-01,8,9.50125098e-02,1.89450610e-01,6.81344267e-01
35,7.10000000e-01,8,9.50125098e-02,1.89450610e-01,7.02257322e-01
36,7.30000000e-01,8,9.50125098e-02,1.89450610e-01,7.24704820e-01
37,7.50000000e-01,8,9.50125098e-02,1.89450610e-01,7.48853698e-01
38,7.70000000e-01,8,9.50125098e-02,1.89450610e-01,7.74904679e-01
39,7.90000000e-01,8,9.50125098e-02,1.89450610e-01,8.03103304e-01
40,8.10000000e-01,8,9.50125098e-02,1.89450610e-01,8.33755986e-01
41,8.30000000e-01,8,9.50125098e-02,1.89450610e-01,8.67254463e-01
42,8.50000000e-01,8,9.50125098e-02,1.89450610e-01,9.04112501e-01
43,8.70000000e-01,8,9.50125098e-02,1.89450610e-01,9.45032989e-01
44,8.90000000e-01,8,9.50125098e-02,1.89450610e-01,9.90995200e-01
45,9.10000000e-01,8,9.50125098e-02,1.89450610e-01,1.04357490e+00
46,9.30000000e-01,8,9.50125098e-02,1.89450610e-01,1.10482830e+00
47,9.50000000e-01,8,9.50125098e-02,1.89450610e-01,1.18118196e+00
48,9.70000000e-01,8,9.50125098e-02,1.89450610e-01,1.26957021e+00
49,9.90000000e-01,8,9.50125098e-02,1.89450610e-01,1.45587466e+00
0,1.00000000e-02,9,2.81603551e-01,1.82603415e-01,4.28607011e-01
1,3.00000000e-02,9,2.81603551e-01,1.82603415e-01,4.26848585e-01
2,5.00000000e-02,9,2.81603551e-01,1.82603415e-01,4.25070123e-01
3,7.00000000e-02,9,2.81603551e-01,1.82603415e-01,4.24124880e-01
4,9.00000000e-02,9,2.81603551e-01,1.82603415e-01,4.23046665e-01
5,1.10000000e-01,9,2.81603551e-01,1.82603415e-01,4.22611691e-01
6,1.30000000e-01,9,2.81603551e-01,1.82603415e-01,4.22365459e-01
7,1.50000000e-01,9,2.81603551e-01,1.82603415e-01,4.22486387e-01
8,1.70000000e-01,9,2.81603551e-01,1.82603415e-01,4.23042893e-01
9,1.90000000e-01,9,2.81603551e-01,1.82603415e-01,4.23860290e-01
10,2.10000000e-01,9,2.81603551e-01,1.82603415e-01,4.25174348e-01
11,2.30000000e-01,9,2.81603551e-01,1.82603415e-01,4.26778343e-01
12,2.50000000e-01,9,2.81603551e-01,1.82603415e-01,4.28859565e-01
13,2.70000000e-01,9,2.81603551e-01,1.82603415e-01,4.31290666e-01
14,2.90000000e-01,9,2.81603551e-01,1.82603415e-01,4.34177664e-01
15,3.10000000e-01,9,2.81603551e-01,1.82603415e-01,4.37463637e-01
16,3.30000000e-01,9,2.81603551e-01,1.82603415e-01,4.41201507e-01
17,3.50000000e-01,9,2.81603551e-01,1.82603415e-01,4.45374614e-01
18,3.70000000e-01,9,2.81603551e-01,1.82603415e-01,4.50010671e-01
19,3.90000000e-01,9,2.81603551e-01,1.82603415e-01,4.55112418e-01
20,4.10000000e-01,9,2.81603551e-01,1.82603415e-01,4.60698785e-01
21,4.30000000e-01,9,2.81603551e-01,1.82603415e-01,4.66781757e-01
22,4.50000000e-01,9,2.81603551e-01,1.82603415e-01,4.73379417e-01
23,4.70000000e-01,9,2.81603551e-01,1.82603415e-01,4.80509355e-01
24,4.90000000e-01,9,2.81603551e-01,1.82603415e-01,4.88192430e-01
25,5.10000000e-01,9,2.81603551e-01,1.82603415e-01,4.96451310e-01
26,5.30000000e-01,9,2.81603551e-01,1.82603415e-01,5.05311617e-01
27,5.50000000e-01,9,2.81603551e-01,1.82603415e-01,5.14801889e-01
28,5.70000000e-01,9,2.81603551e-01,1.82603415e-01,5.24954144e-01
29,5.90000000e-01,9,2.81603551e-01,1.82603415e-01,5.35804252e-01
30,6.10000000e-01,9,2.81603551e-01,1.82603415e-01,5.47392478e-01
31,6.30000000e-01,9,2.81603551e-01,1.82603415e-01,5.59764073e-01
32,6.50000000e-01,9,2.81603551e-01,1.82603415e-01,5.72969994e-01
33,6.70000000e-01,9,2.81603551e-01,1.82603415e-01,5.87067780e-01
34,6.90000000e-01,9,2.81603551e-01,1.82603415e-01,6.02122640e-01
35,7.10000000e-01,9,2.81603551e-01,1.82603415e-01,6.18208837e-01
36,7.30000000e-01,9,2.81603551e-01,1.82603415e-01,6.35411489e-01
37,7.50000000e-01,9,2.81603551e-01,1.82603415e-01,6.53828955e-01
38,7.70000000e-01,9,2.81603551e-01,1.82603415e-01,6.73576065e-01
39,7.90000000e-01,9,2.81603551e-01,1.82603415e-01,6.94788566e-01
40,8.10000000e-01,9,2.81603551e-01,1.82603415e-01,7.17629361e-01
41,8.30000000e-01,9,2.81603551e-01,1.82603415e-01,7.42297420e-01
42,8.50000000e-01,9,2.81603551e-01,1.82603415e-01,7.69040991e-01
43,8.70000000e-01,9,2.81603551e-01,1.82603415e-01,7.98177163e-01
44,8.90000000e-01,9,2.81603551e-01,1.82603415e-01,8.30125598e-01
45,9.10000000e-01,9,2.81603551e-01,1.82603415e-01,8.65453516e-01
46,9.30000000e-01,9,2.81603551e-01,1.82603415e-01,9.05022161e-01
47,9.50000000e-01,9,2.81603551e-01,1.82603415e-01,9.49929589e-01
48,9.70000000e-01,9,2.81603551e-01,1.82603415e-01,1.00334559e+00
49,9.90000000e-01,9,2.81603551e-01,1.82603415e-01,1.06308575e+00
0,1.00000000e-02,10,4.58016778e-01,1.69156519e-01,4.27594451e-01
1,3.00000000e-02,10,4.58016778e-01,1.69156519e-01,4.24560374e-01
2,5.00000000e-02,10,4.58016778e-01,1.69156519e-01,4.21277901e-01
3,7.00000000e-02,10,4.58016778e-01,1.69156519e-01,4.18722647e-01
4,9.00000000e-02,10,4.58016778e-01,1.69156519e-01,4.16473337e-01
5,1.10000000e-01,10,4.58016778e-01,1.69156519e-01,4.14298174e-01
6,1.30000000e-01,10,4.58016778e-01,1.69156519e-01,4.12807047e-01
7,1.50000000e-01,10,4.58016778e-01,1.69156519e-01,4.11421058e-01
8,1.70000000e-01,10,4.58016778e-01,1.69156519e-01,4.10497293e-01
9,1.90000000e-01,10,4.58016778e-01,1.69156519e-01,4.09946213e-01
10,2.10000000e-01,10,4.58016778e-01,1.69156519e-01,4.09703167e-01
11,2.30000000e-01,10,4.58016778e-01,1.69156519e-01,4.09909963e-01
12,2.50000000e-01,10,4.58016778e-01,1.69156519e-01,4.10432024e-01
13,2.70000000e-01,10,4.58016778e-01,1.69156519e-01,4.11389517e-01
14,2.90000000e-01,10,4.58016778e-01,1.69156519e-01,4.12703070e-01
15,3.10000000e-01,10,4.58016778e-01,1.69156519e-01,4.14436589e-01
16,3.30000000e-01,10,4.58016778e-01,1.69156519e-01,4.16558204e-01
17,3.50000000e-01,10,4.58016778e-01,1.69156519e-01,4.19098472e-01
18,3.70000000e-01,10,4.58016778e-01,1.69156519e-01,4.22050408e-01
19,3.90000000e-01,10,4.58016778e-01,1.69156519e-01,4.25430579e-01
20,4.10000000e-01,10,4.58016778e-01,1.69156519e-01,4.29243369e-01
21,4.30000000e-01,10,4.58016778e-01,1.69156519e-01,4.33501448e-01
22,4.50000000e-01,10,4.58016778e-01,1.69156519e-01,4.38214745e-01
23,4.70000000e-01,10,4.58016778e-01,1.69156519e-01,4.43396497e-01
24,4.90000000e-01,10,4.58016778e-01,1.69156519e-01,4.49060372e-01
25,5.10000000e-01,10,4.58016778e-01,1.69156519e-01,4.55222130e-01
26,5.30000000e-01,10,4.58016778e-01,1.69156519e-01,4.61899090e-01
27,5.50000000e-01,10,4.58016778e-01,1.69156519e-01,4.69110661e-01
28,5.70000000e-01,10,4.58016778e-01,1.69156519e-01,4.76878414e-01
29,5.90000000e-01,10,4.58016778e-01,1.69156519e-01,4.85226396e-01
30,6.10000000e-01,10,4.58016778e-01,1.69156519e-01,4.94181386e-01
31,6.30000000e-01,10,4.58016778e-01,1.69156519e-01,5.03773225e-01
32,6.50000000e-01,10,4.58016778e-01,1.69156519e-01,5.14035183e-01
33,6.70000000e-01,10,4.58016778e-01,1.69156519e-01,5.25004393e-01
34,6.90000000e-01,10,4.58016778e-01,1.69156519e-01,5.36722362e-01
35,7.10000000e-01,10,4.58016778e-01,1.69156519e-01,5.49235591e-01
36,7.30000000e-01,10,4.58016778e-01,1.69156519e-01,5.62596335e-01
37,7.50000000e-01,10,4.58016778e-01,1.69156519e-01,5.76863551e-01
38,7.70000000e-01,10,4.58016778e-01,1.69156519e-01,5.92104109e-01
39,7.90000000e-01,10,4.58016778e-01,1.69156519e-01,6.08394365e-01
40,8.10000000e-01,10,4.58016778e-01,1.69156519e-01,6.25822232e-01
41,8.30000000e-01,10,4.58016778e-01,1.69156519e-01,6.44489984e-01
42,8.50000000e-01,10,4.58016778e-01,1.69156519e-01,6.64518038e-01
43,8.70000000e-01,10,4.58016778e-01,1.69156519e-01,6.86050479e-01
44,8.90000000e-01,10,4.58016778e-01,1.69156519e-01,7.09261770e-01
45,9.10000000e-01,10,4.58016778e-01,1.69156519e-01,7.34372454e-01
46,9.30000000e-01,10,4.58016778e-01,1.69156519e-01,7.61643284e-01
47,9.50000000e-01,10,4.58016778e-01,1.69156519e-01,7.91527992e-01
48,9.70000000e-01,10,4.58016778e-01,1.69156519e-01,8.24023173e-01
49,9.90000000e-01,10,4.58016778e-01,1.69156519e-01,8.62888075e-01
0,1.00000000e-02,11,6.17876244e-01,1.49595989e-01,4.26780968e-01
1,3.00000000e-02,11,6.17876244e-01,1.49595989e-01,4.22446178e-01
2,5.00000000e-02,11,6.17876244e-01,1.49595989e-01,4.18012541e-01
3,7.00000000e-02,11,6.17876244e-01,1.49595989e-01,4.13857078e-01
4,9.00000000e-02,11,6.17876244e-01,1.49595989e-01,4.10461134e-01
5,1.10000000e-01,11,6.17876244e-01,1.49595989e-01,4.07165842e-01
6,1.30000000e-01,11,6.17876244e-01,1.49595989e-01,4.04152744e-01
7,1.50000000e-01,11,6.17876244e-01,1.49595989e-01,4.01745410e-01
8,1.70000000e-01,11,6.17876244e-01,1.49595989e-01,3.99504045e-01
9,1.90000000e-01,11,6.17876244e-01,1.49595989e-01,3.97708391e-01
10,2.10000000e-01,11,6.17876244e-01,1.49595989e-01,3.96292540e-01
11,2.30000000e-01,11,6.17876244e-01,1.49595989e-01,3.95201828e-01
12,2.50000000e-01,11,6.17876244e-01,1.49595989e-01,3.94535297e-01
13,2.70000000e-01,11,6.17876244e-01,1.49595989e-01,3.94204630e-01
14,2.90000000e-01,11,6.17876244e-01,1.49595989e-01,3.94282598e-01
15,3.10000000e-01,11,6.17876244e-01,1.49595989e-01,3.94723616e-01
16,3.30000000e-01,11,6.17876244e-01,1.49595989e-01,3.95563343e-01
17,3.50000000e-01,11,6.17876244e-01,1.49595989e-01,3.96785955e-01
18,3.70000000e-01,11,6.17876244e-01,1.49595989e-01,3.98408376e-01
19,3.90000000e-01,11,6.17876244e-01,1.49595989e-01,4.00429120e-01
20,4.10000000e-01,11,6.17876244e-01,1.49595989e-01,4.02858432e-01
21,4.30000000e-01,11,6.17876244e-01,1.49595989e-01,4.05701334e-01
22,4.50000000e-01,11,6.17876244e-01,1.49595989e-01,4.08967027e-01
23,4.70000000e-01,11,6.17876244e-01,1.49595989e-01,4.12664055e-01
24,4.90000000e-01,11,6.17876244e-01,1.49595989e-01,4.16802920e-01
25,5.10000000e-01,11,6.17876244e-01,1.49595989e-01,4.21394949e-01
26,5.30000000e-01,11,6.17876244e-01,1.49595989e-01,4.26453008e-01
27,5.50000000e-01,11,6.17876244e-01,1.49595989e-01,4.31991362e-01
28,5.70000000e-01,11,6.17876244e-01,1.49595989e-01,4.38025950e-01
29,5.90000000e-01,11,6.17876244e-01,1.49595989e-01,4.44574503e-01
30,6.10000000e-01,11,6.17876244e-01,1.49595989e-01,4.51656762e-01
31,6.30000000e-01,11,6.17876244e-01,1.49595989e-01,4.59294688e-01
32,6.50000000e-01,11,6.17876244e-01,1.49595989e-01,4.67512722e-01
33,6.70000000e-01,11,6.17876244e-01,1.49595989e-01,4.76338084e-01
34,6.90000000e-01,11,6.17876244e-01,1.49595989e-01,4.85801118e-01
35,7.10000000e-01,11,6.17876244e-01,1.49595989e-01,4.95935710e-01
36,7.30000000e-01,11,6.17876244e-01,1.49595989e-01,5.06779794e-01
37,7.50000000e-01,11,6.17876244e-01,1.49595989e-01,5.18375977e-01
38,7.70000000e-01,11,6.17876244e-01,1.49595989e-01,5.30772320e-01
39,7.90000000e-01,11,6.17876244e-01,1.49595989e-01,5.44023359e-01
40,8.10000000e-01,11,6.17876244e-01,1.49595989e-01,5.58191439e-01
41,8.30000000e-01,11,6.17876244e-01,1.49595989e-01,5.73348530e-01
42,8.50000000e-01,11,6.17876244e-01,1.49595989e-01,5.89578782e-01
43,8.70000000e-01,11,6.17876244e-01,1.49595989e-01,6.06982160e-01
44,8.90000000e-01,11,6.17876244e-01,1.49595989e-01,6.25680420e-01
45,9.10000000e-01,11,6.17876244e-01,1.49595989e-01,6.45824970e-01
46,9.30000000e-01,11,6.17876244e-01,1.49595989e-01,6.67621040e-01
47,9.50000000e-01,11,6.17876244e-01,1.49595989e-01,6.91319527e-01
48,9.70000000e-01,11,6.17876244e-01,1.49595989e-01,7.17514286e-01
49,9.90000000e-01,11,6.17876244e-01,1.49595989e-01,7.45944117e-01
0,1.00000000e-02,12,7.55404408e-01,1.24628971e-01,4.26234280e-01
1,3.00000000e-02,12,7.55404408e-01,1.24628971e-01,4.20668561e-01
2,5.00000000e-02,12,7.55404408e-01,1.24628971e-01,4.15213415e-01
3,7.00000000e-02,12,7.55404408e-01,1.24628971e-01,4.09962420e-01
4,9.00000000e-02,12,7.55404408e-01,1.24628971e-01,4.05190844e-01
5,1.10000000e-01,12,7.55404408e-01,1.24628971e-01,4.01068145e-01
6,1.30000000e-01,12,7.55404408e-01,1.24628971e-01,3.97110861e-01
7,1.50000000e-01,12,7.55404408e-01,1.24628971e-01,3.93468812e-01
8,1.70000000e-01,12,7.55404408e-01,1.24628971e-01,3.90385471e-01
9,1.90000000e-01,12,7.55404408e-01,1.24628971e-01,3.87561009e-01
10,2.10000000e-01,12,7.55404408e-01,1.24628971e-01,3.85139348e-01
11,2.30000000e-01,12,7.55404408e-01,1.24628971e-01,3.83116660e-01
12,2.50000000e-01,12,7.55404408e-01,1.24628971e-01,3.81435320e-01
13,2.70000000e-01,12,7.55404408e-01,1.24628971e-01,3.80161605e-01
14,2.90000000e-01,12,7.55404408e-01,1.24628971e-01,3.79242815e-01
15,3.10000000e-01,12,7.55404408e-01,1.24628971e-01,3.78718347e-01
16,3.30000000e-01,12,7.55404408e-01,1.24628971e-01,3.78565064e-01
17,3.50000000e-01,12,7.55404408e-01,1.24628971e-01,3.78801172e-01
18,3.70000000e-01,12,7.55404408e-01,1.24628971e-01,3.79420354e-01
19,3.90000000e-01,12,7.55404408e-01,1.24628971e-01,3.80431924e-01
20,4.10000000e-01,12,7.55404408e-01,1.24628971e-01,3.81837372e-01
21,4.30000000e-01,12,7.55404408e-01,1.24628971e-01,3.83643715e-01
22,4.50000000e-01,12,7.55404408e-01,1.24628971e-01,3.85856292e-01
23,4.70000000e-01,12,7.55404408e-01,1.24628971e-01,3.88482667e-01
24,4.90000000e-01,12,7.55404408e-01,1.24628971e-01,3.91530747e-01
25,5.10000000e-01,12,7.55404408e-01,1.24628971e-01,3.95009828e-01
26,5.30000000e-01,12,7.55404408e-01,1.24628971e-01,3.98930230e-01
27,5.50000000e-01,12,7.55404408e-01,1.24628971e-01,4.03303617e-01
28,5.70000000e-01,12,7.55404408e-01,1.24628971e-01,4.08143027e-01
29,5.90000000e-01,12,7.55404408e-01,1.24628971e-01,4.13463045e-01
30,6.10000000e-01,12,7.55404408e-01,1.24628971e-01,4.19279956e-01
31,6.30000000e-01,12,7.55404408e-01,1.24628971e-01,4.25611925e-01
32,6.50000000e-01,12,7.55404408e-01,1.24628971e-01,4.32479218e-01
33,6.70000000e-01,12,7.55404408e-01,1.24628971e-01,4.39904446e-01
34,6.90000000e-01,12,7.55404408e-01,1.24628971e-01,4.47912862e-01
35,7.10000000e-01,12,7.55404408e-01,1.24628971e-01,4.56532717e-01
36,7.30000000e-01,12,7.55404408e-01,1.24628971e-01,4.65795681e-01
37,7.50000000e-01,12,7.55404408e-01,1.24628971e-01,4.75737380e-01
38,7.70000000e-01,12,7.55404408e-01,1.24628971e-01,4.86398060e-01
39,7.90000000e-01,12,7.55404408e-01,1.24628971e-01,4.97823445e-01
40,8.10000000e-01,12,7.55404408e-01,1.24628971e-01,5.10065864e-01
41,8.30000000e-01,12,7.55404408e-01,1.24628971e-01,5.23185774e-01
42,8.50000000e-01,12,7.55404408e-01,1.24628971e-01,5.37253855e-01
43,8.70000000e-01,12,7.55404408e-01,1.24628971e-01,5.52354075e-01
44,8.90000000e-01,12,7.55404408e-01,1.24628971e-01,5.68587890e-01
45,9.10000000e-01,12,7.55404408e-01,1.24628971e-01,5.86082765e-01
46,9.30000000e-01,12,7.55404408e-01,1.24628971e-01,6.04996709e-01
47,9.50000000e-01,12,7.55404408e-01,1.24628971e-01,6.25580541e-01
48,9.70000000e-01,12,7.55404408e-01,1.24628971e-01,6.47995787e-01
49,9.90000000e-01,12,7.55404408e-01,1.24628971e-01,6.73744861e-01
0,1.00000000e-02,13,8.65631202e-01,9.51585117e-02,4.25974053e-01
1,3.00000000e-02,13,8.65631202e-01,9.51585117e-02,4.19472508e-01
2,5.00000000e-02,13,8.65631202e-01,9.51585117e-02,4.12937400e-01
3,7.00000000e-02,13,8.65631202e-01,9.51585117e-02,4.06978207e-01
4,9.00000000e-02,13,8.65631202e-01,9.51585117e-02,4.01295457e-01
5,1.10000000e-01,13,8.65631202e-01,9.51585117e-02,3.96086069e-01
6,1.30000000e-01,13,8.65631202e-01,9.51585117e-02,3.91483925e-01
7,1.50000000e-01,13,8.65631202e-01,9.51585117e-02,3.87189174e-01
8,1.70000000e-01,13,8.65631202e-01,9.51585117e-02,3.83190692e-01
9,1.90000000e-01,13,8.65631202e-01,9.51585117e-02,3.79693404e-01
10,2.10000000e-01,13,8.65631202e-01,9.51585117e-02,3.76543784e-01
11,2.30000000e-01,13,8.65631202e-01,9.51585117e-02,3.73772800e-01
12,2.50000000e-01,13,8.65631202e-01,9.51585117e-02,3.71407222e-01
13,2.70000000e-01,13,8.65631202e-01,9.51585117e-02,3.69402689e-01
14,2.90000000e-01,13,8.65631202e-01,9.51585117e-02,3.67795669e-01
15,3.10000000e-01,13,8.65631202e-01,9.51585117e-02,3.66559210e-01
16,3.30000000e-01,13,8.65631202e-01,9.51585117e-02,3.65711637e-01
17,3.50000000e-01,13,8.65631202e-01,9.51585117e-02,3.65242991e-01
18,3.70000000e-01,13,8.65631202e-01,9.51585117e-02,3.65161869e-01
19,3.90000000e-01,13,8.65631202e-01,9.51585117e-02,3.65466971e-01
20,4.10000000e-01,13,8.65631202e-01,9.51585117e-02,3.66163823e-01
21,4.30000000e-01,13,8.65631202e-01,9.51585117e-02,3.67255375e-01
22,4.50000000e-01,13,8.65631202e-01,9.51585117e-02,3.68747212e-01
23,4.70000000e-01,13,8.65631202e-01,9.51585117e-02,3.70644873e-01
24,4.90000000e-01,13,8.65631202e-01,9.51585117e-02,3.72955309e-01
25,5.10000000e-01,13,8.65631202e-01,9.51585117e-02,3.75686263e-01
26,5.30000000e-01,13,8.65631202e-01,9.51585117e-02,3.78846678e-01
27,5.50000000e-01,13,8.65631202e-01,9.51585117e-02,3.82446638e-01
28,5.70000000e-01,13,8.65631202e-01,9.51585117e-02,3.86497542e-01
29,5.90000000e-01,13,8.65631202e-01,9.51585117e-02,3.91012195e-01
30,6.10000000e-01,13,8.65631202e-01,9.51585117e-02,3.96004964e-01
31,6.30000000e-01,13,8.65631202e-01,9.51585117e-02,4.01491935e-01
32,6.50000000e-01,13,8.65631202e-01,9.51585117e-02,4.07491101e-01
33,6.70000000e-01,13,8.65631202e-01,9.51585117e-02,4.14022590e-01
34,6.90000000e-01,13,8.65631202e-01,9.51585117e-02,4.21108922e-01
35,7.10000000e-01,13,8.65631202e-01,9.51585117e-02,4.28775329e-01
36,7.30000000e-01,13,8.65631202e-01,9.51585117e-02,4.37050132e-01
37,7.50000000e-01,13,8.65631202e-01,9.51585117e-02,4.45965215e-01
38,7.70000000e-01,13,8.65631202e-01,9.51585117e-02,4.55556619e-01
39,7.90000000e-01,13,8.65631202e-01,9.51585117e-02,4.65865303e-01
40,8.10000000e-01,13,8.65631202e-01,9.51585117e-02,4.76938144e-01
41,8.30000000e-01,13,8.65631202e-01,9.51585117e-02,4.88829289e-01
42,8.50000000e-01,13,8.65631202e-01,9.51585117e-02,5.01602024e-01
43,8.70000000e-01,13,8.65631202e-01,9.51585117e-02,5.15331462e-01
44,8.90000000e-01,13,8.65631202e-01,9.51585117e-02,5.30108644e-01
45,9.10000000e-01,13,8.65631202e-01,9.51585117e-02,5.46046801e-01
46,9.30000000e-01,13,8.65631202e-01,9.51585117e-02,5.63293991e-01
47,9.50000000e-01,13,8.65631202e-01,9.51585117e-02,5.82047274e-01
48,9.70000000e-01,13,8.65631202e-01,9.51585117e-02,6.02637862e-01
49,9.90000000e-01,13,8.65631202e-01,9.51585117e-02,6.25384106e-01
0,1.00000000e-02,14,9.44575023e-01,6.22535239e-02,4.25962128e-01
1,3.00000000e-02,14,9.44575023e-01,6.22535239e-02,4.19046324e-01
2,5.00000000e-02,14,9.44575023e-01,6.22535239e-02,4.11609837e-01
3,7.00000000e-02,14,9.44575023e-01,6.22535239e-02,4.04865957e-01
4,9.00000000e-02,14,9.44575023e-01,6.22535239e-02,3.98698748e-01
5,1.10000000e-01,14,9.44575023e-01,6.22535239e-02,3.92905759e-01
6,1.30000000e-01,14,9.44575023e-01,6.22535239e-02,3.87519412e-01
7,1.50000000e-01,14,9.44575023e-01,6.22535239e-02,3.82677248e-01
8,1.70000000e-01,14,9.44575023e-01,6.22535239e-02,3.78275529e-01
9,1.90000000e-01,14,9.44575023e-01,6.22535239e-02,3.74206965e-01
10,2.10000000e-01,14,9.44575023e-01,6.22535239e-02,3.70574354e-01
11,2.30000000e-01,14,9.44575023e-01,6.22535239e-02,3.67337698e-01
12,2.50000000e-01,14,9.44575023e-01,6.22535239e-02,3.64482055e-01
13,2.70000000e-01,14,9.44575023e-01,6.22535239e-02,3.62028540e-01
14,2.90000000e-01,14,9.44575023e-01,6.22535239e-02,3.59952988e-01
15,3.10000000e-01,14,9.44575023e-01,6.22535239e-02,3.58270138e-01
16,3.30000000e-01,14,9.44575023e-01,6.22535239e-02,3.56968615e-01
17,3.50000000e-01,14,9.44575023e-01,6.22535239e-02,3.56055261e-01
18,3.70000000e-01,14,9.44575023e-01,6.22535239e-02,3.55526880e-01
19,3.90000000e-01,14,9.44575023e-01,6.22535239e-02,3.55387440e-01
20,4.10000000e-01,14,9.44575023e-01,6.22535239e-02,3.55638032e-01
21,4.30000000e-01,14,9.44575023e-01,6.22535239e-02,3.56282579e-01
22,4.50000000e-01,14,9.44575023e-01,6.22535239e-02,3.57324766e-01
23,4.70000000e-01,14,9.44575023e-01,6.22535239e-02,3.58769723e-01
24,4.90000000e-01,14,9.44575023e-01,6.22535239e-02,3.60623235e-01
25,5.10000000e-01,14,9.44575023e-01,6.22535239e-02,3.62892218e-01
26,5.30000000e-01,14,9.44575023e-01,6.22535239e-02,3.65584592e-01
27,5.50000000e-01,14,9.44575023e-01,6.22535239e-02,3.68709453e-01
28,5.70000000e-01,14,9.44575023e-01,6.22535239e-02,3.72277127e-01
29,5.90000000e-01,14,9.44575023e-01,6.22535239e-02,3.76299302e-01
30,6.10000000e-01,14,9.44575023e-01,6.22535239e-02,3.80789148e-01
31,6.30000000e-01,14,9.44575023e-01,6.22535239e-02,3.85761470e-01
32,6.50000000e-01,14,9.44575023e-01,6.22535239e-02,3.91232881e-01
33,6.70000000e-01,14,9.44575023e-01,6.22535239e-02,3.97222011e-01
34,6.90000000e-01,14,9.44575023e-01,6.22535239e-02,4.03749749e-01
35,7.10000000e-01,14,9.44575023e-01,6.22535239e-02,4.10839532e-01
36,7.30000000e-01,14,9.44575023e-01,6.22535239e-02,4.18517706e-01
37,7.50000000e-01,14,9.44575023e-01,6.22535239e-02,4.26813958e-01
38,7.70000000e-01,14,9.44575023e-01,6.22535239e-02,4.35761869e-01
39,7.90000000e-01,14,9.44575023e-01,6.22535239e-02,4.45399621e-01
40,8.10000000e-01,14,9.44575023e-01,6.22535239e-02,4.55770921e-01
41,8.30000000e-01,14,9.44575023e-01,6.22535239e-02,4.66926254e-01
42,8.50000000e-01,14,9.44575023e-01,6.22535239e-02,4.78924599e-01
43,8.70000000e-01,14,9.44575023e-01,6.22535239e-02,4.91835930e-01
44,8.90000000e-01,14,9.44575023e-01,6.22535239e-02,5.05744784e-01
45,9.10000000e-01,14,9.44575023e-01,6.22535239e-02,5.20756747e-01
46,9.30000000e-01,14,9.44575023e-01,6.22535239e-02,5.37005363e-01
47,9.50000000e-01,14,9.44575023e-01,6.22535239e-02,5.54687868e-01
48,9.70000000e-01,14,9.44575023e-01,6.22535239e-02,5.74007669e-01
49,9.90000000e-01,14,9.44575023e-01,6.22535239e-02,5.95820794e-01
0,1.00000000e-02,15,9.89400935e-01,2.71524594e-02,4.26089995e-01
1,3.00000000e-02,15,9.89400935e-01,2.71524594e-02,4.19288237e-01
2,5.00000000e-02,15,9.89400935e-01,2.71524594e-02,4.11601077e-01
3,7.00000000e-02,15,9.89400935e-01,2.71524594e-02,4.04301849e-01
4,9.00000000e-02,15,9.89400935e-01,2.71524594e-02,3.97582538e-01
5,1.10000000e-01,15,9.89400935e-01,2.71524594e-02,3.91434085e-01
6,1.30000000e-01,15,9.89400935e-01,2.71524594e-02,3.85761271e-01
7,1.50000000e-01,15,9.89400935e-01,2.71524594e-02,3.80496046e-01
8,1.70000000e-01,15,9.89400935e-01,2.71524594e-02,3.75686215e-01
9,1.90000000e-01,15,9.89400935e-01,2.71524594e-02,3.71346263e-01
10,2.10000000e-01,15,9.89400935e-01,2.71524594e-02,3.67407537e-01
11,2.30000000e-01,15,9.89400935e-01,2.71524594e-02,3.63882567e-01
12,2.50000000e-01,15,9.89400935e-01,2.71524594e-02,3.60767565e-01
13,2.70000000e-01,15,9.89400935e-01,2.71524594e-02,3.58046244e-01
14,2.90000000e-01,15,9.89400935e-01,2.71524594e-02,3.55724918e-01
15,3.10000000e-01,15,9.89400935e-01,2.71524594e-02,3.53792916e-01
16,3.30000000e-01,15,9.89400935e-01,2.71524594e-02,3.52253430e-01
17,3.50000000e-01,15,9.89400935e-01,2.71524594e-02,3.51102205e-01
18,3.70000000e-01,15,9.89400935e-01,2.71524594e-02,3.50341056e-01
19,3.90000000e-01,15,9.89400935e-01,2.71524594e-02,3.49969593e-01
20,4.10000000e-01,15,9.89400935e-01,2.71524594e-02,3.49990048e-01
21,4.30000000e-01,15,9.89400935e-01,2.71524594e-02,3.50404552e-01
22,4.50000000e-01,15,9.89400935e-01,2.71524594e-02,3.51216644e-01
23,4.70000000e-01,15,9.89400935e-01,2.71524594e-02,3.52430511e-01
24,4.90000000e-01,15,9.89400935e-01,2.71524594e-02,3.54051432e-01
25,5.10000000e-01,15,9.89400935e-01,2.71524594e-02,3.56085632e-01
26,5.30000000e-01,15,9.89400935e-01,2.71524594e-02,3.58540432e-01
27,5.50000000e-01,15,9.89400935e-01,2.71524594e-02,3.61424286e-01
28,5.70000000e-01,15,9.89400935e-01,2.71524594e-02,3.64746888e-01
29,5.90000000e-01,15,9.89400935e-01,2.71524594e-02,3.68519264e-01
30,6.10000000e-01,15,9.89400935e-01,2.71524594e-02,3.72753899e-01
31,6.30000000e-01,15,9.89400935e-01,2.71524594e-02,3.77464879e-01
32,6.50000000e-01,15,9.89400935e-01,2.71524594e-02,3.82668056e-01
33,6.70000000e-01,15,9.89400935e-01,2.71524594e-02,3.88381248e-01
34,6.90000000e-01,15,9.89400935e-01,2.71524594e-02,3.94624466e-01
35,7.10000000e-01,15,9.89400935e-01,2.71524594e-02,4.01420198e-01
36,7.30000000e-01,15,9.89400935e-01,2.71524594e-02,4.08793750e-01
37,7.50000000e-01,15,9.89400935e-01,2.71524594e-02,4.16773663e-01
38,7.70000000e-01,15,9.89400935e-01,2.71524594e-02,4.25392243e-01
39,7.90000000e-01,15,9.89400935e-01,2.71524594e-02,4.34686236e-01
40,8.10000000e-01,15,9.89400935e-01,2.71524594e-02,4.44697725e-01
41,8.30000000e-01,15,9.89400935e-01,2.71524594e-02,4.55475319e-01
42,8.50000000e-01,15,9.89400935e-01,2.71524594e-02,4.67075815e-01
43,8.70000000e-01,15,9.89400935e-01,2.71524594e-02,4.79566578e-01
44,8.90000000e-01,15,9.89400935e-01,2.71524594e-02,4.93029073e-01
45,9.10000000e-01,15,9.89400935e-01,2.71524594e-02,5.07564704e-01
46,9.30000000e-01,15,9.89400935e-01,2.71524594e-02,5.23303780e-01
47,9.50000000e-01,15,9.89400935e-01,2.71524594e-02,5.40428306e-01
48,9.70000000e-01,15,9.89400935e-01,2.71524594e-02,5.59184733e-01
49,9.90000000e-01,15,9.89400935e-01,2.71524594e-02,5.80110976e-01
