cell,r_center_cm,phi_0,phi_1,phi_2,phi_3
0,5.00000000e-03,1.40363409e+00,-2.58346899e-03,-1.23162812e-04,2.19966085e-04
1,1.50000000e-02,1.40481086e+00,-7.02176012e-03,-1.95884249e-04,2.18316566e-04
2,2.50000000e-02,1.40627666e+00,-1.17114682e-02,-3.30153041e-04,2.91925099e-04
3,3.50000000e-02,1.40791222e+00,-1.64094970e-02,-4.57653532e-04,3.73049894e-04
4,4.50000000e-02,1.40964079e+00,-2.11164338e-02,-5.66271203e-04,4.65548708e-04
5,5.50000000e-02,1.41145318e+00,-2.58326795e-02,-6.62533256e-04,5.61512785e-04
6,6.50000000e-02,1.41334452e+00,-3.05586695e-02,-7.46712038e-04,6.60245097e-04
7,7.50000000e-02,1.41531398e+00,-3.52948480e-02,-8.19445037e-04,7.61156094e-04
8,8.50000000e-02,1.41736218e+00,-4.00416734e-02,-8.81263540e-04,8.63948090e-04
9,9.50000000e-02,1.41949038e+00,-4.47996189e-02,-9.32653745e-04,9.68463161e-04
10,1.05000000e-01,1.42170028e+00,-4.95691723e-02,-9.74081793e-04,1.07461927e-03
11,1.15000000e-01,1.42399377e+00,-5.43508371e-02,-1.00600573e-03,1.18237983e-03
12,1.25000000e-01,1.42637293e+00,-5.91451320e-02,-1.02888177e-03,1.29173795e-03
13,1.35000000e-01,1.42883995e+00,-6.39525917e-02,-1.04316781e-03,1.40270770e-03
14,1.45000000e-01,1.43139711e+00,-6.87737671e-02,-1.04932552e-03,1.51531909e-03
15,1.55000000e-01,1.43404679e+00,-7.36092255e-02,-1.04782171e-03,1.62961498e-03
16,1.65000000e-01,1.43679141e+00,-7.84595512e-02,-1.03912920e-03,1.74564923e-03
17,1.75000000e-01,1.43963348e+00,-8.33253458e-02,-1.02372749e-03,1.86348551e-03
18,1.85000000e-01,1.44257556e+00,-8.82072283e-02,-1.00210330e-03,1.98319651e-03
19,1.95000000e-01,1.44562028e+00,-9.31058359e-02,-9.74750923e-04,2.10486349e-03
20,2.05000000e-01,1.44877031e+00,-9.80218238e-02,-9.42172658e-04,2.22857599e-03
21,2.15000000e-01,1.45202840e+00,-1.02955866e-01,-9.04879116e-04,2.35443165e-03
22,2.25000000e-01,1.45539734e+00,-1.07908656e-01,-8.63389569e-04,2.48253617e-03
23,2.35000000e-01,1.45888000e+00,-1.12880907e-01,-8.18232284e-04,2.61300327e-03
24,2.45000000e-01,1.46247929e+00,-1.17873350e-01,-7.69944873e-04,2.74595475e-03
25,2.55000000e-01,1.46619820e+00,-1.22886740e-01,-7.19074662e-04,2.88152056e-03
26,2.65000000e-01,1.47003975e+00,-1.27921849e-01,-6.66179091e-04,3.01983894e-03
27,2.75000000e-01,1.47400707e+00,-1.32979473e-01,-6.11826140e-04,3.16105649e-03
28,2.85000000e-01,1.47810332e+00,-1.38060429e-01,-5.56594803e-04,3.30532838e-03
29,2.95000000e-01,1.48233175e+00,-1.43165556e-01,-5.01075610e-04,3.45281853e-03
30,3.05000000e-01,1.48669566e+00,-1.48295715e-01,-4.45871206e-04,3.60369976e-03
31,3.15000000e-01,1.49119844e+00,-1.53451792e-01,-3.91597000e-04,3.75815402e-03
32,3.25000000e-01,1.49584354e+00,-1.58634695e-01,-3.38881885e-04,3.91637264e-03
33,3.35000000e-01,1.50063451e+00,-1.63845358e-01,-2.88369056e-04,4.07855655e-03
34,3.45000000e-01,1.50557496e+00,-1.69084738e-01,-2.40716929e-04,4.24491655e-03
35,3.55000000e-01,1.51066860e+00,-1.74353820e-01,-1.96600172e-04,4.41567364e-03
36,3.65000000e-01,1.51591921e+00,-1.79653613e-01,-1.56710884e-04,4.59105926e-03
37,3.75000000e-01,1.52133071e+00,-1.84985154e-01,-1.21759916e-04,4.77131572e-03
38,3.85000000e-01,1.52690706e+00,-1.90349508e-01,-9.24783789e-05,4.95669648e-03
39,3.95000000e-01,1.53265236e+00,-1.95747769e-01,-6.96193450e-05,5.14746661e-03
40,4.05000000e-01,1.53857082e+00,-2.01181058e-01,-5.39597831e-05,5.34390322e-03
41,4.15000000e-01,1.54466677e+00,-2.06650529e-01,-4.63027503e-05,5.54629591e-03
42,4.25000000e-01,1.55094466e+00,-2.12157364e-01,-4.74798779e-05,5.75494734e-03
43,4.35000000e-01,1.55740907e+00,-2.17702781e-01,-5.83541904e-05,5.97017378e-03
44,4.45000000e-01,1.56406475e+00,-2.23288029e-01,-7.98232996e-05,6.19230575e-03
45,4.55000000e-01,1.57091658e+00,-2.28914391e-01,-1.12823023e-04,6.42168875e-03
46,4.65000000e-01,1.57796962e+00,-2.34583188e-01,-1.58331477e-04,6.65868403e-03
47,4.75000000e-01,1.58522912e+00,-2.40295775e-01,-2.17373715e-04,6.90366945e-03
48,4.85000000e-01,1.59270054e+00,-2.46053549e-01,-2.91026961e-04,7.15704048e-03
49,4.95000000e-01,1.60038954e+00,-2.51857945e-01,-3.80426525e-04,7.41921124e-03
50,5.05000000e-01,1.60830201e+00,-2.57710443e-01,-4.86772484e-04,7.69061575e-03
51,5.15000000e-01,1.61644413e+00,-2.63612564e-01,-6.11337210e-04,7.97170927e-03
52,5.25000000e-01,1.62482236e+00,-2.69565878e-01,-7.55473851e-04,8.26296977e-03
53,5.35000000e-01,1.63344345e+00,-2.75572003e-01,-9.20625888e-04,8.56489967e-03
54,5.45000000e-01,1.64231451e+00,-2.81632608e-01,-1.10833787e-03,8.87802771e-03
55,5.55000000e-01,1.65144305e+00,-2.87749418e-01,-1.32026749e-03,9.20291105e-03
56,5.65000000e-01,1.66083697e+00,-2.93924215e-01,-1.55819914e-03,9.54013771e-03
57,5.75000000e-01,1.67050466e+00,-3.00158843e-01,-1.82405911e-03,9.89032916e-03
58,5.85000000e-01,1.68045500e+00,-3.06455213e-01,-2.11993261e-03,1.02541434e-02
59,5.95000000e-01,1.69069746e+00,-3.12815303e-01,-2.44808290e-03,1.06322782e-02
60,6.05000000e-01,1.70124214e+00,-3.19241170e-01,-2.81097256e-03,1.10254750e-02
61,6.15000000e-01,1.71209982e+00,-3.25734948e-01,-3.21128743e-03,1.14345231e-02
62,6.25000000e-01,1.72328208e+00,-3.32298862e-01,-3.65196319e-03,1.18602641e-02
63,6.35000000e-01,1.73480133e+00,-3.38935228e-01,-4.13621514e-03,1.23035980e-02
64,6.45000000e-01,1.74667096e+00,-3.45646463e-01,-4.66757136e-03,1.27654879e-02
65,6.55000000e-01,1.75890541e+00,-3.52435097e-01,-5.24990962e-03,1.32469680e-02
66,6.65000000e-01,1.77152031e+00,-3.59303778e-01,-5.88749856e-03,1.37491501e-02
67,6.75000000e-01,1.78453255e+00,-3.66255283e-01,-6.58504338e-03,1.42732322e-02
68,6.85000000e-01,1.79796053e+00,-3.73292531e-01,-7.34773673e-03,1.48205081e-02
69,6.95000000e-01,1.81182422e+00,-3.80418597e-01,-8.18131519e-03,1.53923774e-02
70,7.05000000e-01,1.82614538e+00,-3.87636725e-01,-9.09212194e-03,1.59903573e-02
71,7.15000000e-01,1.84094775e+00,-3.94950342e-01,-1.00871763e-02,1.66160957e-02
72,7.25000000e-01,1.85625729e+00,-4.02363081e-01,-1.11742506e-02,1.72713857e-02
73,7.35000000e-01,1.87210235e+00,-4.09878796e-01,-1.23619560e-02,1.79581815e-02
74,7.45000000e-01,1.88851403e+00,-4.17501586e-01,-1.36598362e-02,1.86786166e-02
75,7.55000000e-01,1.90552639e+00,-4.25235821e-01,-1.50784726e-02,1.94350241e-02
76,7.65000000e-01,1.92317681e+00,-4.33086165e-01,-1.66295992e-02,2.02299583e-02
77,7.75000000e-01,1.94150635e+00,-4.41057609e-01,-1.83262303e-02,2.10662204e-02
78,7.85000000e-01,1.96056013e+00,-4.49155505e-01,-2.01828013e-02,2.19468855e-02
79,7.95000000e-01,1.98038777e+00,-4.57385600e-01,-2.22153241e-02,2.28753336e-02
80,8.05000000e-01,2.00104386e+00,-4.65754078e-01,-2.44415578e-02,2.38552836e-02
81,8.15000000e-01,2.02258849e+00,-4.74267608e-01,-2.68811978e-02,2.48908308e-02
82,8.25000000e-01,2.04508781e+00,-4.82933387e-01,-2.95560834e-02,2.59864892e-02
83,8.35000000e-01,2.06861470e+00,-4.91759204e-01,-3.24904262e-02,2.71472378e-02
84,8.45000000e-01,2.09324944e+00,-5.00753494e-01,-3.57110615e-02,2.83785720e-02
85,8.55000000e-01,2.11908049e+00,-5.09925407e-01,-3.92477253e-02,2.96865605e-02
86,8.65000000e-01,2.14620530e+00,-5.19284887e-01,-4.31333573e-02,3.10779087e-02
87,8.75000000e-01,2.17473130e+00,-5.28842746e-01,-4.74044348e-02,3.25600277e-02
88,8.85000000e-01,2.20477684e+00,-5.38610761e-01,-5.21013389e-02,3.41411119e-02
89,8.95000000e-01,2.23647235e+00,-5.48601773e-01,-5.72687557e-02,3.58302239e-02
90,9.05000000e-01,2.26996152e+00,-5.58829793e-01,-6.29561171e-02,3.76373882e-02
91,9.15000000e-01,2.30540267e+00,-5.69310128e-01,-6.92180835e-02,3.95736949e-02
92,9.25000000e-01,2.34297018e+00,-5.80059508e-01,-7.61150718e-02,4.16514139e-02
93,9.35000000e-01,2.38285610e+00,-5.91096242e-01,-8.37138353e-02,4.38841208e-02
94,9.45000000e-01,2.42527191e+00,-6.02440370e-01,-9.20880963e-02,4.62868358e-02
95,9.55000000e-01,2.47045039e+00,-6.14113844e-01,-1.01319240e-01,4.88761758e-02
96,9.65000000e-01,2.51864775e+00,-6.26140725e-01,-1.11497071e-01,5.16705229e-02
97,9.75000000e-01,2.57014586e+00,-6.38547392e-01,-1.22720643e-01,5.46902091e-02
98,9.85000000e-01,2.62525481e+00,-6.51362781e-01,-1.35099162e-01,5.79577194e-02
99,9.95000000e-01,2.68431555e+00,-6.64618639e-01,-1.48752977e-01,6.14979147e-02
